ZN-E,PH-E,DBO-E,DQO-E,SS-E,SSV-E,SED-E,COND-E,PH-P,DBO-P,SS-P,SSV-P,SED-P,COND-P,PH-D,DBO-D,DQO-D,SS-D,SSV-D,SED-D,COND-D,PH-S,DBO-S,DQO-S,SS-S,SSV-S,SED-S,COND-S,RD-DBO-P,RD-SS-P,RD-SED-P,RD-DBO-S,RD-DQO-S,RD-DBO-G,RD-DQO-G,RD-SS-G,binaryClass
3.5,7.8,202.0,431.0,200.0,74.0,5.0,1302,7.7,199.0,184,78.3,4.7,1307,7.6,124.0,269.0,96.0,75.0,0.4,1334,7.4,17.0,63.0,20.0,85.0,0.05,1473.0,37.7,47.8,91.5,86.3,76.6,91.6,85.4,90.0,1
0.35,7.6,120.0,344.0,136.0,54.4,4.5,993,7.5,?,188,55.3,3.0,972,7.6,?,259.0,70.0,48.6,0.2,921,7.5,16.0,97.0,17.0,51.8,0.03,903.0,?,62.8,93.3,?,62.5,86.7,71.8,87.5,0
2.0,8.0,125.0,324.0,362.0,35.9,5.0,1093,7.7,297.0,804,32.8,13.0,1086,7.9,84.0,204.0,124.0,53.2,0.6,1105,7.9,28.0,128.0,14.0,74.3,0.02,1008.0,71.7,84.6,95.4,66.7,37.3,77.6,60.5,96.1,0
0.6,7.9,85.0,269.0,110.0,?,1.5,1342,7.8,139.0,198,?,4.0,1325,7.8,65.0,168.0,65.0,?,0.2,1362,7.9,15.0,?,23.0,?,0.0,1375.0,53.2,67.2,95.0,76.9,?,82.4,?,79.1,0
1.9,7.9,195.0,428.0,210.0,69.5,6.5,1835,8.2,194.0,250,56.8,3.5,1873,8.2,121.0,289.0,104.0,67.3,0.2,1855,8.0,15.0,75.0,22.0,72.7,0.01,1820.0,37.6,58.4,94.3,87.6,74.0,92.3,82.5,89.5,0
1.6,7.7,203.0,357.0,222.0,58.6,3.0,1828,7.6,215.0,208,73.1,5.0,1817,7.6,98.0,169.0,86.0,65.1,0.2,1890,7.6,9.0,73.0,13.0,?,0.0,1868.0,54.4,58.7,96.0,90.8,56.8,95.6,79.6,94.1,0
6.45,7.5,161.0,392.0,266.0,48.1,6.0,1156,7.8,252.0,208,47.1,3.5,1105,7.9,110.0,238.0,82.0,78.0,0.4,1108,7.7,15.0,59.0,13.0,83.1,0.02,1035.0,56.3,60.6,88.6,86.4,75.2,90.7,84.9,95.1,0
0.8,7.8,169.0,337.0,132.0,75.8,2.5,1568,7.9,192.0,204,68.6,4.5,1526,7.9,137.0,332.0,126.0,77.8,1.8,1516,7.7,14.0,71.0,14.0,94.3,0.02,1450.0,28.6,38.2,60.0,89.8,78.6,91.7,78.9,89.4,0
1.0,7.6,202.0,426.0,248.0,80.6,5.5,2310,7.7,326.0,404,56.4,7.0,2180,7.7,142.0,280.0,146.0,65.8,0.6,1909,7.7,33.0,92.0,23.0,73.0,0.02,1813.0,56.4,63.9,92.1,76.8,67.1,83.7,78.4,90.7,0
0.88,7.6,153.0,464.0,274.0,55.5,5.5,1149,7.7,142.0,284,53.5,6.0,1165,7.7,82.0,228.0,74.0,75.7,0.2,1157,7.7,21.0,92.0,18.0,82.2,0.1,1180.0,42.3,73.9,96.7,74.4,59.6,86.3,80.2,93.4,1
1.5,7.5,277.0,523.0,324.0,67.9,7.0,1817,7.6,315.0,348,56.3,9.0,1816,7.8,154.0,297.0,84.0,66.7,0.2,1829,7.7,21.0,53.0,19.0,77.9,0.0,1819.0,51.1,75.9,98.3,86.4,82.2,92.4,89.9,94.1,0
1.5,7.9,91.0,325.0,122.0,77.0,3.5,1026,7.9,109.0,124,93.5,3.7,1063,7.8,81.0,227.0,64.0,96.9,0.4,983,7.7,15.0,74.0,11.0,100.0,0.0,1039.0,25.7,48.4,89.2,81.5,67.4,83.5,77.2,91.0,0
0.27,7.4,112.0,470.0,172.0,65.1,4.5,1207,7.4,100.0,192,64.6,4.0,1208,7.4,74.0,213.0,69.0,72.5,0.2,1175,7.6,14.0,97.0,15.0,72.0,0.01,1162.0,26.0,64.1,95.0,81.1,54.5,87.5,79.4,91.3,0
3.7,8.1,102.0,269.0,156.0,52.6,2.5,1082,7.9,177.0,152,52.6,2.5,1180,8.0,68.0,165.0,76.0,71.1,0.2,1041,7.8,10.0,54.0,13.0,83.1,0.02,1079.0,61.6,50.0,92.0,85.3,67.3,90.2,79.9,91.7,0
6.0,8.2,185.0,334.0,156.0,60.3,4.0,1987,8.3,217.0,162,64.2,4.0,2100,8.2,121.0,299.0,114.0,64.9,0.5,2050,7.9,16.0,65.0,11.0,80.0,0.03,2040.0,44.2,29.6,87.5,86.8,78.3,91.4,80.5,92.9,0
2.0,7.9,240.0,887.0,314.0,76.4,7.0,2120,7.9,158.0,292,74.0,7.2,2200,7.9,167.0,511.0,136.0,75.0,0.7,2190,7.7,26.0,95.0,23.0,92.2,0.02,2170.0,?,53.4,91.0,84.4,81.4,89.2,89.3,92.7,0
0.5,8.0,?,307.0,196.0,60.2,4.0,1557,8.0,?,228,49.1,5.0,1575,8.0,?,233.0,96.0,62.5,0.3,1620,7.9,?,74.0,26.0,60.0,0.01,1639.0,?,57.9,94.0,?,68.2,?,75.9,86.7,0
1.0,8.1,?,516.0,164.0,75.6,3.5,1548,8.1,?,232,74.1,5.5,1545,7.9,?,326.0,94.0,93.6,0.6,1415,7.6,?,113.0,37.0,95.5,0.02,1409.0,?,59.5,90.0,?,65.3,?,78.1,77.4,0
2.7,8.3,173.0,427.0,208.0,71.2,5.5,1979,8.4,221.0,204,70.6,5.0,1955,8.3,113.0,291.0,82.0,82.9,0.2,1862,7.7,16.0,105.0,20.0,86.0,0.02,1789.0,48.9,59.8,97.0,85.8,63.9,90.8,75.4,90.4,0
1.1,7.6,149.0,412.0,208.0,57.7,4.3,1593,7.7,127.0,194,60.8,4.0,1710,7.7,96.0,298.0,128.0,65.6,0.7,1606,7.8,17.0,110.0,22.0,83.6,0.0,1602.0,24.4,34.0,82.5,82.3,63.1,88.6,73.3,89.4,0
1.5,7.8,120.0,303.0,290.0,?,4.5,1818,7.8,125.0,250,?,4.0,1800,7.8,78.0,192.0,68.0,?,0.2,1846,7.9,10.0,76.0,10.0,?,0.02,1723.0,37.6,72.8,95.0,87.2,60.4,91.7,74.9,96.6,0
1.0,8.1,133.0,288.0,162.0,56.8,2.3,1050,8.1,133.0,152,63.2,2.5,1116,8.0,97.0,220.0,70.0,77.1,0.2,1142,7.9,32.0,128.0,40.0,82.5,0.05,1187.0,27.1,53.9,94.0,67.0,41.8,75.9,55.6,75.3,1
2.24,8.4,195.0,392.0,188.0,70.2,4.0,2790,8.2,218.0,210,66.7,4.0,2680,8.0,130.0,267.0,82.0,78.0,0.3,2550,7.9,18.0,86.0,19.0,78.9,0.0,2520.0,40.4,61.0,93.8,86.2,67.8,90.8,78.1,89.9,0
0.55,7.4,159.0,394.0,170.0,69.4,3.0,1450,7.4,155.0,196,60.2,3.0,1556,7.4,111.0,?,78.0,71.8,0.1,1690,7.6,16.0,110.0,26.0,78.5,0.01,1693.0,28.4,60.2,98.3,85.6,?,89.9,72.1,84.7,0
2.0,7.7,244.0,607.0,380.0,53.7,6.0,2160,7.8,242.0,436,54.1,8.0,2220,7.9,139.0,353.0,164.0,45.9,1.8,2120,8.0,18.0,104.0,26.0,72.3,0.0,2270.0,42.6,62.4,77.5,87.1,70.5,92.6,82.9,93.2,0
0.7,7.7,269.0,423.0,192.0,67.7,6.0,1164,7.9,360.0,266,58.6,7.0,1170,7.9,145.0,314.0,94.0,70.2,0.6,1222,7.7,16.0,110.0,15.0,97.8,0.0,1149.0,59.7,64.7,91.4,89.0,65.0,94.1,74.0,92.2,0
1.5,7.8,174.0,404.0,192.0,63.5,3.5,1056,7.7,182.0,210,61.0,4.5,1064,7.7,140.0,243.0,104.0,76.9,0.4,1078,7.7,13.0,55.0,18.0,83.3,0.0,1165.0,23.1,50.5,91.1,90.7,77.4,92.5,86.4,90.6,0
1.2,7.4,250.0,447.0,252.0,61.1,7.0,1533,7.4,275.0,216,57.4,6.5,1501,7.4,138.0,269.0,90.0,73.3,0.5,1458,7.3,14.0,9.0,20.0,82.5,0.0,1402.0,49.8,58.3,92.3,89.9,96.8,94.4,98.1,92.1,0
15.0,7.5,75.0,133.0,142.0,39.4,2.0,860,7.6,127.0,172,46.5,1.8,838,7.6,73.0,124.0,62.0,67.7,0.3,871,7.3,9.0,32.0,12.0,80.0,0.0,889.0,42.5,64.0,86.1,87.7,74.2,88.0,75.9,91.5,0
1.2,8.2,172.0,345.0,152.0,73.7,4.3,1552,8.2,286.0,156,74.4,3.5,1500,8.2,140.0,310.0,74.0,83.8,0.2,1736,7.8,16.0,85.0,14.0,94.3,0.0,1679.0,51.0,52.6,94.3,88.6,72.6,90.7,75.4,90.8,0
1.2,7.7,156.0,405.0,200.0,74.0,4.0,1856,7.6,178.0,184,71.7,3.5,1976,7.5,128.0,302.0,92.0,78.3,0.3,1920,7.6,19.0,71.0,23.0,78.3,0.01,1706.0,28.1,50.0,91.4,85.2,76.5,87.8,82.5,88.5,0
0.2,7.5,153.0,307.0,124.0,82.3,2.5,1044,7.6,163.0,136,70.6,2.5,1039,7.7,97.0,188.0,62.0,91.9,0.2,1045,7.9,10.0,46.0,12.0,90.0,0.0,1038.0,40.5,54.4,94.0,89.7,75.5,93.5,85.0,90.3,0
2.5,7.8,223.0,443.0,184.0,69.6,4.0,1553,7.9,214.0,186,71.0,3.5,1670,7.9,181.0,345.0,86.0,83.7,0.1,1643,7.8,29.0,86.0,22.0,90.9,0.01,1665.0,15.4,53.8,97.1,84.0,75.1,87.0,80.6,88.0,0
5.2,8.0,?,182.0,134.0,61.2,2.5,1007,8.0,?,190,50.5,3.0,1041,8.0,?,137.0,76.0,84.2,0.2,1106,7.8,?,42.0,11.0,76.4,0.01,1117.0,?,60.0,93.3,?,69.3,?,76.9,91.8,0
2.0,7.8,196.0,353.0,174.0,67.8,4.0,1315,7.8,152.0,162,76.5,3.0,1322,7.7,127.0,270.0,100.0,74.0,0.8,1337,7.6,24.0,71.0,24.0,91.7,0.02,1509.0,16.4,38.3,73.3,81.1,73.7,87.8,79.9,86.2,0
1.2,7.9,283.0,274.0,162.0,59.3,3.0,937,7.9,190.0,178,58.4,2.8,944,7.8,117.0,212.0,78.0,76.9,0.1,970,7.7,28.0,74.0,25.0,88.0,0.0,1060.0,38.4,56.2,98.2,76.1,65.1,90.1,73.0,84.6,0
1.75,7.6,215.0,532.0,282.0,63.8,5.3,1444,7.6,253.0,296,61.5,5.0,1437,7.8,120.0,320.0,90.0,75.6,0.2,1418,7.8,17.0,92.0,15.0,75.3,0.0,1433.0,52.6,69.6,96.0,85.8,71.3,92.1,82.7,94.7,0
0.71,7.7,156.0,276.0,146.0,71.2,3.3,1265,7.7,166.0,206,66.0,4.5,1270,7.7,114.0,176.0,124.0,72.6,0.9,1260,7.7,30.0,43.0,44.0,79.5,0.5,1270.0,31.3,39.8,80.0,73.7,75.6,80.8,84.4,69.9,1
4.5,7.6,175.0,416.0,224.0,51.8,4.5,1463,7.7,183.0,214,57.0,3.5,2120,7.7,105.0,274.0,104.0,62.9,0.8,2250,7.9,18.0,?,21.0,66.7,0.05,2610.0,42.6,51.4,77.1,82.9,?,89.7,?,90.6,1
1.0,8.1,230.0,535.0,242.0,66.9,6.5,1652,7.9,?,264,69.7,5.4,1700,7.9,174.0,322.0,100.0,72.0,0.3,1577,7.5,28.0,101.0,36.0,83.3,0.05,1552.0,?,62.1,94.4,83.9,68.6,87.8,81.1,85.1,0
1.2,7.8,183.0,456.0,232.0,65.5,5.0,1262,7.8,198.0,216,55.6,4.5,1247,7.9,107.0,266.0,84.0,57.1,0.2,1305,7.8,19.0,60.0,12.0,75.0,0.0,1234.0,46.0,61.1,96.7,82.2,77.4,89.6,86.8,94.8,0
0.5,7.6,114.0,521.0,506.0,44.3,7.5,866,7.5,113.0,498,44.2,8.0,882,7.6,58.0,137.0,65.0,78.5,0.1,880,7.9,11.0,44.0,20.0,78.0,0.02,884.0,48.7,86.9,98.8,81.0,67.9,90.4,91.6,96.0,0
0.2,7.6,158.0,375.0,178.0,60.7,3.5,1049,7.7,153.0,168,59.5,3.0,992,7.7,49.0,177.0,56.0,71.4,0.1,910,7.9,9.0,103.0,30.0,64.0,0.05,828.0,68.0,66.7,96.7,81.6,41.8,94.3,72.5,83.1,1
5.8,7.7,192.0,416.0,236.0,57.6,4.5,1447,7.6,296.0,384,54.2,7.0,1445,7.7,148.0,270.0,108.0,66.7,0.4,1380,7.8,13.0,78.0,14.0,71.4,0.02,1408.0,50.0,71.9,94.3,91.2,71.1,93.2,81.3,94.1,0
0.62,7.5,138.0,268.0,154.0,66.2,1.7,890,7.5,105.0,166,64.0,1.5,880,7.7,65.0,157.0,97.0,64.9,0.2,827,7.8,8.0,33.0,13.0,84.6,0.02,858.0,38.1,41.6,86.7,87.7,79.0,94.2,87.7,91.6,1
3.0,7.4,160.0,348.0,194.0,61.9,3.0,1720,7.5,148.0,172,65.1,2.5,1729,7.6,105.0,265.0,80.0,82.5,0.2,1780,7.7,15.0,95.0,28.0,77.1,0.02,1772.0,29.1,53.5,92.0,85.7,64.2,90.6,72.7,85.6,0
1.4,7.6,155.0,392.0,182.0,64.8,4.5,1198,7.7,?,180,66.7,4.0,1264,7.8,34.0,356.0,78.0,79.5,0.4,1245,7.8,12.0,68.0,15.0,72.0,0.01,1248.0,?,56.7,90.0,64.7,80.9,92.3,82.7,91.8,0
4.5,7.8,227.0,526.0,212.0,68.9,4.5,1542,7.8,232.0,240,75.0,5.5,1583,7.8,172.0,411.0,106.0,83.0,0.2,1607,7.4,30.0,99.0,41.0,85.4,0.05,1395.0,25.9,55.8,96.4,82.6,75.9,86.8,81.2,80.7,1
1.95,7.8,255.0,282.0,166.0,67.5,2.0,950,7.8,284.0,172,65.1,2.0,965,7.8,164.0,259.0,112.0,76.8,0.5,971,7.9,13.0,56.0,20.0,80.0,0.02,1093.0,42.3,34.9,75.0,92.1,78.4,94.9,80.1,88.0,1
4.19,7.7,254.0,411.0,174.0,73.6,4.5,1339,7.9,375.0,292,67.1,8.0,1350,7.9,121.0,319.0,102.0,78.4,0.5,1423,7.7,17.0,96.0,19.0,86.3,0.0,1431.0,67.7,65.1,94.4,86.0,69.9,93.3,76.6,89.1,0
1.2,7.8,161.0,281.0,164.0,58.5,2.3,1075,7.8,144.0,192,53.1,2.5,1068,7.8,118.0,233.0,88.0,70.5,0.4,1121,7.8,14.0,63.0,19.0,73.7,0.01,1246.0,18.1,54.2,84.0,88.1,73.0,91.3,77.6,88.4,0
0.76,7.7,168.0,376.0,272.0,45.6,5.3,1052,7.8,136.0,296,45.3,5.6,1063,7.7,97.0,242.0,80.0,72.5,0.2,1083,7.7,14.0,87.0,15.0,100.0,0.01,1070.0,28.7,73.0,96.4,85.6,64.0,91.7,76.9,94.5,0
0.25,8.1,185.0,439.0,256.0,56.3,7.5,2210,7.9,180.0,316,53.2,7.0,2070,7.9,121.0,247.0,102.0,72.6,0.3,1770,7.8,33.0,47.0,21.0,80.0,0.02,1539.0,32.8,67.7,96.4,72.7,81.0,82.2,89.3,91.8,0
0.98,8.0,224.0,400.0,160.0,68.8,4.5,2230,8.2,244.0,178,64.0,5.0,2270,8.0,168.0,392.0,96.0,77.1,0.6,1763,7.7,20.0,94.0,22.0,83.6,0.0,1754.0,31.1,46.1,88.0,88.1,76.0,91.1,76.5,86.3,0
0.7,7.5,95.0,302.0,176.0,59.1,3.0,1120,7.6,94.0,152,59.2,2.5,1145,7.6,48.0,316.0,107.0,64.5,1.2,1155,7.7,19.0,59.0,15.0,77.3,0.05,1040.0,48.9,29.6,52.0,60.4,81.3,80.0,80.5,91.5,1
0.83,8.2,339.0,713.0,356.0,72.5,10.0,2170,8.0,334.0,584,83.6,8.5,2110,7.9,223.0,372.0,116.0,84.5,1.3,2140,7.6,17.0,83.0,12.0,71.7,0.01,2330.0,33.2,80.1,84.7,92.4,77.7,95.0,88.4,96.6,0
3.5,7.6,146.0,329.0,188.0,57.4,2.5,1300,7.6,162.0,132,63.6,2.0,1324,7.6,109.0,243.0,88.0,81.8,0.2,1467,7.5,19.0,94.0,41.0,82.9,0.02,1545.0,32.7,33.3,90.0,82.6,61.3,87.0,71.4,78.2,0
0.9,7.7,156.0,391.0,156.0,53.8,3.5,1358,7.8,161.0,172,58.1,3.0,1412,7.9,116.0,285.0,66.0,72.7,0.3,1460,7.9,11.0,86.0,14.0,50.0,0.0,1425.0,28.0,61.6,91.7,90.5,69.8,92.9,78.0,91.0,0
1.67,7.9,203.0,487.0,168.0,77.4,3.5,1353,8.1,231.0,196,70.4,5.5,1338,8.1,107.0,341.0,60.0,86.7,0.2,1250,7.8,17.0,166.0,15.0,90.0,0.01,1268.0,53.7,69.4,96.4,84.1,51.3,91.6,65.9,91.1,0
2.0,8.1,69.0,126.0,138.0,39.1,1.4,882,8.1,150.0,180,38.9,1.9,902,8.2,53.0,100.0,62.0,59.7,0.1,920,8.0,8.0,52.0,9.0,88.9,0.0,902.0,64.7,65.6,94.7,84.9,48.0,88.4,58.7,93.5,0
2.0,8.1,177.0,407.0,172.0,58.1,2.5,1379,8.0,231.0,248,54.8,4.6,1454,8.0,188.0,379.0,108.0,72.2,0.7,1529,7.5,27.0,95.0,26.0,76.9,0.0,1542.0,18.6,56.5,84.8,85.6,74.9,84.7,76.7,84.9,0
0.12,7.8,223.0,511.0,202.0,63.4,4.7,1473,7.8,228.0,276,59.4,5.5,1584,7.7,122.0,273.0,86.0,72.1,0.2,1510,7.8,22.0,81.0,22.0,81.8,0.02,1504.0,46.5,68.8,96.4,82.0,70.3,?,84.1,89.1,0
1.75,7.7,118.0,295.0,178.0,62.9,3.0,1459,7.7,137.0,236,53.4,4.0,1442,7.7,103.0,231.0,104.0,67.3,0.3,1474,7.6,12.0,72.0,11.0,81.8,0.02,1607.0,24.8,55.9,92.5,88.3,68.8,89.8,75.6,93.8,0
0.1,7.6,159.0,310.0,146.0,68.5,1.6,1096,7.6,131.0,166,71.1,1.7,1083,7.7,98.0,169.0,64.0,84.4,0.2,1112,7.9,21.0,59.0,16.0,70.0,0.01,1083.0,25.2,61.4,91.2,78.6,65.1,86.8,81.0,89.0,0
1.5,8.0,242.0,496.0,176.0,64.8,4.0,2110,7.9,?,236,57.6,4.5,2020,7.8,?,372.0,88.0,68.2,0.2,2250,7.6,19.0,108.0,22.0,65.9,0.02,2120.0,?,62.7,95.6,?,71.0,92.1,78.2,87.5,0
3.0,7.8,217.0,349.0,172.0,69.8,3.5,1454,7.8,174.0,208,65.4,4.0,1487,7.8,98.0,261.0,78.0,76.9,0.2,1360,7.9,?,92.0,20.0,80.0,0.0,1230.0,43.7,62.5,95.0,?,64.8,?,73.6,88.4,0
3.0,7.6,160.0,374.0,168.0,69.0,3.1,1042,7.6,220.0,246,69.9,4.6,1057,7.6,126.0,299.0,112.0,75.0,0.2,1085,7.4,19.0,79.0,28.0,82.0,0.0,1087.0,42.7,54.5,95.7,84.9,73.6,88.1,78.9,83.3,0
1.5,8.2,139.0,294.0,256.0,40.6,3.0,1456,8.1,140.0,260,38.5,2.5,1361,8.0,81.0,172.0,90.0,55.6,0.2,1504,7.7,11.0,55.0,14.0,71.4,0.0,1751.0,42.1,65.4,92.0,86.4,68.0,92.1,81.3,94.5,0
6.0,7.6,236.0,444.0,236.0,62.7,4.9,1400,7.7,259.0,440,50.0,10.0,1439,7.6,140.0,246.0,122.0,59.0,0.3,1458,7.7,24.0,115.0,17.0,70.6,0.05,1480.0,45.9,72.3,97.0,82.9,53.3,89.8,74.1,92.8,1
19.1,7.6,179.0,461.0,298.0,55.7,5.0,1340,7.6,225.0,212,63.2,5.5,1395,7.5,111.0,307.0,84.0,76.2,0.2,1292,7.4,20.0,125.0,24.0,78.3,0.01,1300.0,50.7,60.4,96.4,82.0,59.3,88.8,72.9,91.9,0
0.5,7.6,122.0,338.0,174.0,62.1,5.0,1035,7.7,135.0,216,56.5,5.5,1030,7.7,108.0,244.0,68.0,79.4,0.2,1099,7.6,14.0,44.0,12.0,82.3,0.02,1140.0,20.0,68.5,97.3,87.0,82.0,88.5,87.0,93.1,0
0.4,7.6,136.0,328.0,186.0,67.7,3.0,899,7.6,132.0,170,71.8,2.5,921,7.6,73.0,192.0,61.0,83.6,0.2,872,7.8,11.0,76.0,23.0,76.5,0.02,898.0,?,64.1,94.0,84.9,60.4,91.9,76.8,87.6,0
3.3,7.8,117.0,366.0,500.0,27.2,4.2,3230,7.8,135.0,620,32.3,7.0,3170,7.7,81.0,181.0,106.0,49.1,0.2,3690,7.8,12.0,67.0,12.0,75.0,0.0,3950.0,40.0,82.9,97.1,85.2,63.0,89.7,81.7,97.6,0
1.0,7.7,208.0,427.0,192.0,75.0,4.5,1426,7.7,195.0,236,74.6,7.0,1375,7.7,186.0,334.0,104.0,80.8,0.4,1518,7.4,27.0,78.0,33.0,84.8,0.0,1636.0,4.6,55.9,94.3,85.5,76.6,87.0,81.7,82.8,0
0.9,7.6,203.0,301.0,146.0,68.5,?,1299,7.8,229.0,176,64.8,?,1319,7.9,135.0,242.0,108.0,72.2,?,1375,7.6,?,51.0,32.0,78.8,?,1430.0,41.0,38.6,?,?,78.9,?,83.1,78.1,0
1.2,8.0,235.0,?,228.0,75.4,7.0,1532,8.0,232.0,252,77.8,8.0,1532,7.8,165.0,345.0,92.0,80.4,0.3,1478,7.6,25.0,125.0,25.0,90.6,0.0,1445.0,28.9,63.5,96.9,84.8,63.8,89.4,?,89.0,0
0.4,7.5,221.0,391.0,260.0,46.2,4.3,2140,7.5,173.0,244,52.5,4.5,2090,7.5,112.0,261.0,74.0,78.4,0.2,2000,7.6,17.0,127.0,20.0,78.0,0.0,1950.0,35.3,69.7,96.7,84.8,51.3,92.3,67.5,92.3,0
1.2,7.7,266.0,438.0,200.0,62.0,4.5,1396,7.9,217.0,214,62.6,4.5,1423,7.9,137.0,269.0,74.0,75.7,0.2,1471,7.8,13.0,104.0,16.0,77.5,0.02,1441.0,36.9,65.4,95.6,90.5,61.3,95.1,76.3,92.0,0
0.9,7.5,?,388.0,170.0,76.5,3.5,1130,7.6,?,178,75.3,4.0,1149,7.7,164.0,310.0,102.0,82.4,0.2,1212,7.5,22.0,89.0,33.0,90.9,0.05,1274.0,?,42.7,96.3,86.6,71.3,?,77.1,80.6,1
6.5,7.6,176.0,200.0,176.0,50.0,3.0,859,7.6,149.0,172,51.2,2.0,860,7.6,90.0,178.0,76.0,65.8,0.2,926,7.7,13.0,45.0,18.0,68.9,0.02,1020.0,39.6,55.8,90.0,85.6,74.7,92.6,77.5,89.8,0
3.2,7.6,134.0,404.0,190.0,57.9,5.5,1305,7.7,207.0,212,59.4,5.5,1341,7.8,109.0,325.0,64.0,81.3,0.2,1286,7.6,17.0,95.0,26.0,73.1,0.01,1190.0,47.3,69.8,97.3,84.4,70.8,87.3,76.5,86.3,0
1.2,7.5,200.0,402.0,184.0,64.1,2.8,1127,7.5,188.0,218,63.3,3.0,1140,7.5,122.0,233.0,90.0,77.8,0.2,1200,7.7,17.0,64.0,17.0,76.5,0.0,1317.0,35.1,58.7,95.0,86.1,72.5,91.5,84.1,90.8,0
1.5,8.1,287.0,484.0,308.0,76.6,5.8,1653,8.1,392.0,308,75.3,5.5,1640,8.1,155.0,332.0,118.0,83.1,0.3,1777,7.8,22.0,80.0,16.0,92.5,0.05,1880.0,60.5,61.7,94.5,85.8,75.9,92.3,83.5,94.8,0
7.5,7.9,?,365.0,212.0,62.3,3.5,1339,7.9,?,184,65.2,4.7,1380,7.8,?,321.0,92.0,73.9,0.5,1386,7.5,?,75.0,20.0,75.0,0.05,1377.0,?,50.0,89.4,?,76.6,?,79.5,90.6,1
3.5,8.1,231.0,368.0,162.0,76.5,4.0,1854,8.1,273.0,158,74.7,4.5,1846,8.1,158.0,308.0,76.0,86.8,0.4,1822,7.8,18.0,92.0,15.0,83.3,0.0,1734.0,42.1,51.9,92.2,88.6,70.1,92.2,75.0,90.7,0
8.1,8.0,124.0,463.0,230.0,47.8,?,1599,7.9,123.0,230,48.7,3.0,1586,7.9,94.0,251.0,88.0,63.6,?,1631,7.6,27.0,90.0,20.0,70.0,?,1554.0,23.6,61.7,?,71.3,64.1,78.2,80.6,91.3,0
1.75,7.8,?,340.0,168.0,71.4,2.3,1477,7.8,?,228,64.9,4.5,1379,7.8,?,368.0,110.0,72.7,0.6,1550,7.6,?,?,?,?,?,1445.0,?,51.8,86.7,?,?,?,?,?,0
2.5,8.3,192.0,294.0,172.0,55.8,3.5,1983,8.3,157.0,150,61.3,2.0,1934,8.1,107.0,207.0,104.0,61.5,0.4,1886,7.9,15.0,69.0,20.0,84.0,0.02,1880.0,31.8,30.7,82.5,86.0,66.7,92.2,76.5,88.4,0
0.4,7.9,205.0,453.0,198.0,70.7,5.0,1479,7.9,199.0,214,70.1,5.5,1530,7.9,130.0,301.0,92.0,76.1,0.3,1401,7.8,15.0,70.0,22.0,63.6,0.0,1233.0,34.7,57.0,94.5,88.5,76.7,92.7,84.5,88.9,0
3.5,8.1,?,524.0,222.0,67.6,5.8,1597,8.1,230.0,248,66.1,7.5,1512,7.9,154.0,300.0,96.0,77.1,0.5,1521,7.4,29.0,76.0,25.0,84.0,0.0,1422.0,33.0,61.3,93.3,81.2,74.7,?,85.5,88.7,0
1.5,7.8,?,407.0,166.0,66.3,4.5,2110,7.9,?,228,70.2,5.5,2120,7.9,?,280.0,94.0,72.3,0.3,2010,7.3,?,84.0,21.0,81.0,0.02,2000.0,?,58.8,95.5,?,70.0,?,79.4,87.3,0
6.0,7.2,165.0,315.0,170.0,64.7,?,1125,7.3,219.0,180,67.8,?,1151,7.3,121.0,235.0,86.0,81.4,?,1204,7.4,11.0,53.0,19.0,73.7,?,1306.0,44.7,52.2,?,90.9,77.4,93.3,83.2,88.8,0
0.86,7.6,224.0,337.0,146.0,69.9,3.5,1146,7.8,240.0,168,71.4,4.0,1144,7.9,134.0,302.0,92.0,78.3,0.4,1205,7.7,17.0,78.0,8.0,80.0,0.01,1283.0,44.2,45.2,90.0,87.3,74.2,92.4,76.9,94.5,0
1.75,7.9,135.0,317.0,180.0,53.5,3.5,1362,7.9,181.0,268,59.7,4.6,1417,7.6,114.0,285.0,104.0,71.2,0.5,1459,7.8,14.0,91.0,22.0,86.4,0.0,1555.0,37.0,61.2,89.1,87.7,68.1,89.6,71.3,87.8,0
1.5,7.6,166.0,452.0,320.0,46.3,4.5,1160,7.7,221.0,388,47.4,5.5,1137,7.7,87.0,216.0,76.0,73.7,0.2,1147,7.8,19.0,56.0,28.0,75.0,0.1,1148.0,60.6,80.4,97.3,78.2,74.1,88.6,87.6,91.3,1
1.5,7.9,254.0,356.0,206.0,56.3,4.0,1300,7.9,207.0,222,53.2,3.5,1347,7.9,91.0,184.0,66.0,69.7,0.3,1188,7.6,18.0,100.0,20.0,76.0,0.02,1202.0,56.0,70.3,91.4,80.2,45.7,92.9,71.9,90.3,0
1.5,8.1,243.0,299.0,180.0,54.4,2.5,1615,8.0,291.0,324,65.4,3.5,1630,7.9,166.0,265.0,96.0,60.4,0.2,1485,7.8,26.0,82.0,36.0,74.1,0.02,1345.0,43.0,70.4,94.3,84.3,69.1,89.3,72.6,80.0,0
1.0,7.7,?,710.0,366.0,55.7,6.5,2400,7.8,?,256,62.5,6.0,2450,7.8,192.0,450.0,120.0,66.7,0.5,2330,7.6,?,295.0,88.0,76.1,0.25,2390.0,?,53.1,92.5,?,34.4,?,58.5,76.0,1
1.0,7.9,275.0,330.0,180.0,55.6,3.0,1376,7.9,190.0,200,60.0,2.5,1392,7.9,118.0,260.0,76.0,76.3,0.3,1435,7.7,25.0,109.0,24.0,75.0,0.0,1399.0,37.9,62.0,90.0,78.8,58.1,90.9,67.0,86.7,0
0.82,7.8,290.0,448.0,218.0,66.9,5.5,1842,8.0,254.0,200,62.0,5.0,1829,7.9,137.0,312.0,90.0,75.5,0.3,1856,7.8,19.0,92.0,22.0,79.5,0.05,1843.0,46.1,55.0,94.0,86.1,70.5,93.4,79.5,89.9,0
4.2,7.8,133.0,105.0,208.0,54.8,3.5,1293,7.8,138.0,236,52.5,4.5,1347,7.8,91.0,125.0,58.0,82.8,0.1,1323,7.7,16.0,20.0,16.0,93.7,0.01,1318.0,34.1,75.4,97.8,82.4,84.0,88.0,81.0,92.3,0
1.0,7.7,148.0,345.0,162.0,77.8,3.2,1432,7.6,145.0,166,73.5,3.8,1415,7.6,137.0,302.0,94.0,85.1,0.5,1461,7.4,17.0,60.0,21.0,90.5,0.05,1572.0,5.5,43.4,86.8,87.6,80.1,88.5,82.6,87.0,1
2.5,7.4,224.0,421.0,204.0,68.6,5.0,1328,7.7,293.0,248,64.5,6.5,1341,7.7,119.0,282.0,94.0,72.3,0.2,1331,7.7,18.0,98.0,20.0,80.0,0.1,1265.0,59.4,62.1,96.9,84.9,65.2,92.0,76.7,90.2,1
0.6,7.5,94.0,189.0,120.0,56.7,1.5,1200,7.5,122.0,144,51.4,1.3,1206,7.6,71.0,203.0,54.0,66.7,0.2,1260,7.5,13.0,33.0,10.0,68.0,0.0,1353.0,41.8,62.5,84.0,81.7,83.7,86.2,82.5,91.7,0
0.5,7.3,146.0,288.0,124.0,67.7,2.0,1210,7.4,145.0,109,68.8,1.3,1164,7.4,81.0,200.0,52.0,67.3,0.1,1202,7.5,20.0,?,29.0,82.9,0.02,1259.0,?,52.3,92.3,75.3,?,86.3,?,76.6,1
1.5,7.7,198.0,546.0,308.0,62.3,13.0,1869,7.8,239.0,420,53.3,19.0,1893,7.9,81.0,222.0,76.0,84.2,0.4,1804,7.7,17.0,79.0,27.0,77.8,0.05,1792.0,66.1,81.9,97.9,79.0,64.4,91.4,85.5,91.2,0
1.0,7.6,179.0,389.0,168.0,69.0,3.5,1240,7.8,202.0,272,72.1,6.0,1381,7.8,148.0,302.0,92.0,78.3,0.3,1425,7.9,16.0,83.0,20.0,85.0,0.0,1416.0,26.7,66.2,95.0,89.2,72.5,91.1,78.7,88.1,0
1.5,8.1,129.0,318.0,140.0,67.1,3.0,1319,8.0,124.0,136,69.1,2.0,1320,7.6,101.0,277.0,70.0,85.7,0.1,1270,7.5,15.0,86.0,22.0,86.4,0.01,1289.0,18.5,48.5,95.0,85.1,69.0,88.4,73.0,84.3,0
3.9,7.8,196.0,403.0,200.0,66.0,5.0,1592,7.8,301.0,236,69.5,4.5,1478,7.7,130.0,288.0,74.0,83.8,0.2,1469,7.6,12.0,54.0,14.0,85.7,0.01,1483.0,56.8,68.6,95.6,90.8,81.3,93.9,86.6,93.0,0
3.5,7.6,131.0,436.0,476.0,27.7,4.5,1603,7.8,151.0,416,28.8,5.0,1479,7.8,114.0,269.0,78.0,56.4,0.1,1591,7.9,13.0,90.0,16.0,68.8,0.0,1625.0,24.5,81.3,98.0,88.6,66.5,90.1,79.4,96.6,0
0.12,7.7,213.0,627.0,2008.0,17.9,?,1257,7.6,308.0,1692,17.7,?,1335,7.5,97.0,226.0,66.0,69.7,?,1255,7.6,16.0,119.0,13.0,76.9,?,1289.0,68.5,96.1,?,83.5,47.3,92.5,81.0,99.4,0
1.98,7.9,270.0,321.0,168.0,66.7,4.0,1026,7.9,226.0,200,63.0,3.5,971,7.8,100.0,226.0,82.0,80.5,0.3,1009,7.7,14.0,51.0,16.0,82.5,0.0,1086.0,55.8,59.0,91.4,86.0,77.4,94.8,84.1,90.5,0
2.2,7.9,206.0,305.0,188.0,56.4,4.0,1200,7.9,?,272,50.0,6.0,1228,7.9,113.0,210.0,88.0,65.9,0.2,1237,7.9,14.0,55.0,10.0,92.0,0.0,1084.0,?,67.6,97.5,87.6,73.8,93.2,82.0,94.7,0
2.22,7.7,227.0,416.0,218.0,62.4,5.4,1335,7.7,257.0,416,50.0,8.0,1350,7.7,156.0,311.0,134.0,59.7,0.5,1368,7.7,25.0,86.0,16.0,75.0,0.01,1379.0,39.3,67.8,93.8,84.0,72.3,89.0,79.3,92.7,0
1.2,7.9,319.0,532.0,250.0,71.2,6.5,1379,8.0,331.0,254,69.3,6.0,1453,8.0,150.0,299.0,92.0,73.9,0.4,1431,7.7,15.0,60.0,14.0,85.7,0.02,1508.0,54.7,63.8,93.3,90.0,79.9,95.3,88.7,94.4,0
0.8,7.7,185.0,372.0,164.0,61.0,3.0,1623,7.8,210.0,192,64.6,3.0,1508,7.8,124.0,278.0,74.0,72.9,0.1,1482,7.9,18.0,78.0,15.0,66.7,0.0,1491.0,41.0,61.5,96.7,85.5,71.9,90.3,79.0,90.9,0
1.2,8.0,272.0,665.0,188.0,73.4,6.0,2200,8.1,293.0,192,74.0,5.0,2200,8.0,164.0,304.0,96.0,87.5,0.6,2130,7.7,20.0,76.0,15.0,80.0,0.03,2150.0,44.0,50.0,88.0,87.8,75.0,92.6,88.6,92.0,0
0.5,7.8,135.0,366.0,240.0,49.2,4.5,1344,7.7,149.0,354,45.8,7.0,1274,7.7,112.0,220.0,110.0,60.0,0.2,1182,7.8,29.0,84.0,23.0,81.7,0.02,1144.0,24.8,68.9,97.1,74.1,61.8,78.5,77.0,90.4,0
1.0,8.2,?,384.0,180.0,64.4,3.5,1567,8.2,?,224,55.4,2.5,1512,8.1,?,270.0,110.0,63.6,0.3,1570,7.8,?,122.0,22.0,68.2,0.01,1463.0,?,50.9,88.0,?,54.8,?,68.2,87.8,0
1.5,7.8,177.0,512.0,214.0,58.9,5.5,1605,7.7,164.0,256,71.9,5.5,1599,7.7,118.0,320.0,70.0,88.6,0.4,1401,7.6,25.0,203.0,20.0,85.0,0.0,1110.0,28.0,72.7,92.7,78.8,36.6,85.9,60.4,90.7,0
0.7,7.9,183.0,380.0,192.0,62.5,4.5,1339,7.8,196.0,216,55.6,6.0,1403,7.8,128.0,270.0,68.0,70.6,0.1,1409,8.0,13.0,63.0,15.0,66.7,0.0,1344.0,34.7,68.5,98.3,89.8,76.7,92.9,83.4,92.2,0
2.5,7.8,217.0,591.0,264.0,66.7,7.5,1234,7.7,227.0,500,52.8,8.5,1219,7.8,135.0,338.0,132.0,66.7,0.3,1294,7.7,17.0,84.0,27.0,77.8,0.02,1247.0,40.5,73.6,97.1,87.4,75.1,92.2,85.8,89.8,0
1.2,7.9,191.0,?,184.0,73.9,6.5,1384,7.8,192.0,164,67.1,5.0,1461,7.8,114.0,?,66.0,97.0,0.4,1480,7.8,12.0,?,15.0,93.3,0.1,1463.0,40.6,59.8,92.0,89.5,?,93.7,?,91.8,1
1.0,7.5,237.0,388.0,178.0,57.3,4.0,1620,7.6,300.0,240,53.3,4.5,1571,7.7,113.0,243.0,84.0,69.0,0.2,1631,7.8,12.0,76.0,12.0,86.7,0.02,1590.0,62.3,65.0,95.6,89.4,68.7,94.9,80.4,93.3,0
?,7.7,195.0,380.0,216.0,66.7,4.5,1542,7.8,170.0,240,66.7,3.5,1311,7.8,119.0,238.0,82.0,80.5,0.2,1443,7.9,37.0,100.0,18.0,88.9,0.05,1365.0,30.0,65.8,94.3,68.9,58.0,81.0,73.7,91.7,1
4.5,7.7,192.0,253.0,186.0,?,5.0,1818,7.6,250.0,194,?,4.5,1745,7.5,108.0,197.0,80.0,?,0.3,1625,7.5,14.0,48.0,13.0,?,0.02,1726.0,56.8,58.8,94.4,87.0,75.6,92.7,81.0,93.0,0
1.0,7.9,189.0,457.0,1004.0,25.5,24.0,1218,7.8,234.0,1384,25.4,35.0,1257,7.7,156.0,323.0,140.0,65.7,0.3,1308,7.8,19.0,79.0,21.0,81.0,0.05,1172.0,33.3,89.9,99.1,87.8,75.5,89.9,82.7,97.9,0
0.36,7.5,99.0,585.0,140.0,71.4,?,962,7.6,103.0,194,62.3,?,966,7.6,61.0,129.0,55.0,83.6,?,993,7.7,25.0,95.0,26.0,76.9,?,968.0,40.8,71.6,?,59.0,26.4,74.7,83.8,81.4,0
1.7,7.9,142.0,272.0,160.0,56.3,2.0,1543,7.9,154.0,174,57.5,3.0,1485,7.8,114.0,295.0,86.0,74.4,0.3,1560,7.6,18.0,74.0,14.0,85.7,0.0,1565.0,26.0,50.6,90.0,84.2,74.9,87.3,72.8,91.3,0
12.5,7.5,?,?,196.0,72.5,?,1245,7.6,370.0,194,75.3,?,1185,7.7,212.0,230.0,110.0,74.6,?,1163,7.6,15.0,99.0,14.0,91.4,?,1207.0,42.7,43.3,?,92.9,57.0,?,?,92.9,0
2.0,7.7,175.0,321.0,176.0,58.0,3.5,1335,7.8,198.0,192,58.3,4.0,1418,7.7,141.0,281.0,76.0,78.9,0.3,1316,7.5,12.0,67.0,11.0,100.0,0.0,1308.0,28.8,60.4,92.5,91.5,76.2,93.1,79.1,93.8,0
0.36,7.6,157.0,392.0,232.0,53.4,5.0,1565,7.7,163.0,274,54.0,6.0,1517,7.8,103.0,250.0,76.0,81.6,0.2,1630,7.6,18.0,65.0,22.0,81.8,0.03,1610.0,36.8,72.3,97.5,82.5,74.0,88.5,83.4,90.5,0
0.2,7.7,142.0,376.0,144.0,70.8,3.0,940,7.6,129.0,164,69.5,7.5,918,7.6,?,255.0,86.0,79.1,0.2,933,7.8,9.0,57.0,14.0,82.9,0.02,947.0,?,47.6,97.3,?,77.6,93.7,84.8,90.3,0
0.9,7.3,185.0,395.0,216.0,62.0,3.0,1367,7.4,238.0,232,59.5,3.0,1383,7.5,93.0,263.0,102.0,58.8,0.3,1356,7.6,31.0,117.0,39.0,71.8,0.01,1444.0,60.9,56.0,90.0,66.7,55.5,83.2,70.4,81.9,0
3.3,7.3,133.0,310.0,208.0,56.7,3.5,1134,7.5,137.0,168,64.3,2.5,1133,7.6,104.0,212.0,64.0,81.3,0.2,1143,7.6,6.0,90.0,12.0,83.3,0.01,1226.0,24.1,61.9,92.0,94.2,57.5,95.5,71.0,94.2,0
1.8,7.6,198.0,432.0,224.0,64.3,4.0,2150,7.7,195.0,208,67.3,3.5,2100,7.6,106.0,290.0,92.0,73.9,0.2,2140,7.6,19.0,90.0,33.0,82.4,0.01,2240.0,45.6,55.8,95.7,82.1,69.0,90.4,79.2,85.3,0
1.0,7.8,181.0,462.0,216.0,62.0,5.5,1315,7.8,197.0,354,54.2,8.0,1377,7.8,124.0,307.0,118.0,64.4,0.3,1270,7.7,22.0,68.0,20.0,75.0,0.05,1142.0,37.1,66.7,96.3,82.3,77.9,87.8,85.3,90.7,0
0.7,7.3,203.0,405.0,212.0,67.9,4.5,1922,7.3,?,320,61.3,8.5,1874,7.4,97.0,225.0,74.0,78.4,0.3,1820,7.4,22.0,114.0,24.0,70.8,0.1,1796.0,?,76.9,97.1,77.3,49.3,89.2,71.9,88.7,1
3.0,7.7,138.0,259.0,456.0,22.8,4.0,1007,7.6,160.0,584,26.7,7.5,1039,7.6,101.0,176.0,126.0,47.6,0.5,1113,7.6,22.0,59.0,16.0,68.8,0.0,1194.0,36.9,78.4,93.3,78.2,66.5,84.1,77.2,96.5,0
1.2,7.8,246.0,641.0,376.0,56.4,6.0,1683,7.8,265.0,378,58.2,8.0,1724,7.9,132.0,338.0,170.0,63.5,1.7,1710,7.9,31.0,100.0,34.0,79.4,0.02,1742.0,50.2,55.0,79.4,76.5,70.4,87.4,84.4,91.0,0
2.6,8.1,238.0,490.0,170.0,70.6,5.0,1652,8.2,305.0,244,67.2,5.5,1643,8.2,135.0,371.0,102.0,70.6,1.0,1772,8.0,23.0,95.0,20.0,85.0,0.02,1800.0,55.7,58.2,81.8,83.0,74.4,90.3,80.6,88.2,0
3.5,7.8,149.0,361.0,186.0,62.4,3.2,1651,7.8,204.0,204,66.7,5.0,1751,7.9,155.0,345.0,106.0,69.8,0.5,1623,7.5,27.0,103.0,38.0,81.6,0.05,1597.0,24.0,48.0,90.0,82.6,70.1,81.9,71.5,79.6,1
0.7,8.0,427.0,815.0,204.0,70.6,?,1455,7.9,517.0,186,73.1,?,1558,7.9,?,423.0,118.0,78.0,?,1602,7.4,23.0,101.0,20.0,88.0,?,1590.0,?,36.6,?,?,76.1,94.6,87.6,90.2,0
3.0,8.0,145.0,398.0,192.0,66.7,4.5,2240,8.0,213.0,240,61.7,6.0,2010,8.0,140.0,287.0,84.0,78.6,0.4,2270,7.8,15.0,87.0,21.0,81.0,0.0,2290.0,34.3,65.0,94.2,89.3,69.7,89.7,78.1,89.1,0
2.5,8.0,290.0,459.0,228.0,71.9,7.5,1684,8.0,449.0,298,71.1,9.0,1746,8.0,187.0,352.0,112.0,91.1,0.6,1828,7.8,28.0,57.0,22.0,87.3,0.02,1740.0,58.4,62.4,93.3,85.0,83.8,90.3,87.6,90.4,0
0.25,8.0,174.0,442.0,268.0,57.5,5.7,1306,7.9,180.0,302,64.2,7.2,1316,7.9,121.0,275.0,96.0,70.8,0.4,1219,7.9,20.0,54.0,18.0,77.8,0.02,1241.0,32.8,68.2,94.4,83.5,80.4,88.5,87.8,93.3,0
0.8,7.9,155.0,243.0,210.0,47.6,2.5,848,7.9,170.0,138,52.2,1.5,858,8.0,89.0,133.0,74.0,75.7,0.3,902,8.0,9.0,35.0,12.0,58.3,0.02,898.0,47.6,46.4,83.3,89.9,73.7,94.2,85.6,94.3,0
1.2,8.1,155.0,382.0,174.0,66.7,7.0,1205,7.9,295.0,212,73.6,5.5,1319,7.8,147.0,312.0,90.0,75.6,0.3,1246,7.6,18.0,87.0,24.0,76.7,0.05,1244.0,50.2,57.5,94.5,87.8,72.1,88.4,77.2,86.2,0
2.0,7.7,192.0,298.0,162.0,67.9,4.0,1241,7.7,160.0,188,68.1,4.5,1243,7.7,118.0,278.0,110.0,74.5,0.7,1285,7.5,30.0,98.0,45.0,74.1,0.05,1399.0,26.3,41.5,84.4,74.6,64.7,84.4,67.1,72.2,1
5.0,7.8,139.0,380.0,256.0,53.1,5.5,2040,7.8,201.0,340,47.6,8.5,2000,7.9,131.0,278.0,104.0,73.1,0.2,1950,7.9,11.0,51.0,8.0,57.5,0.02,1690.0,34.8,69.4,97.6,91.6,81.7,92.1,86.6,96.9,0
0.7,8.2,233.0,506.0,204.0,66.7,6.7,1692,8.3,218.0,212,66.0,10.5,1614,7.9,188.0,355.0,88.0,81.8,0.2,1516,7.5,47.0,116.0,59.0,81.4,0.05,1483.0,13.8,58.5,98.6,75.0,67.3,79.8,77.1,71.1,0
3.0,7.8,155.0,389.0,308.0,49.4,6.0,1927,7.7,252.0,308,49.4,6.5,2150,7.7,121.0,302.0,108.0,72.2,0.6,1950,7.6,15.0,87.0,23.0,69.7,0.0,1869.0,52.0,64.9,90.8,87.6,71.2,90.3,77.6,92.5,0
0.32,7.8,192.0,346.0,172.0,68.6,4.0,988,7.8,210.0,192,68.8,4.5,991,7.7,100.0,215.0,80.0,73.8,0.1,966,7.9,17.0,88.0,16.0,90.0,0.0,950.0,?,58.3,97.8,83.0,59.1,91.1,74.6,90.7,0
1.2,7.8,132.0,297.0,176.0,45.5,1.5,1140,8.0,133.0,172,44.2,1.3,1072,7.9,98.0,246.0,84.0,61.9,0.3,1111,7.6,24.0,63.0,16.0,68.8,0.0,1014.0,26.3,51.2,80.8,75.5,74.4,81.8,78.8,90.9,0
0.7,7.6,149.0,359.0,242.0,61.2,4.0,1315,7.7,221.0,280,62.9,7.0,1240,7.7,121.0,294.0,138.0,62.3,0.7,1250,7.8,105.0,290.0,104.0,86.5,0.0,1434.0,45.2,50.7,90.0,13.2,1.4,29.5,19.2,57.0,0
1.4,7.8,189.0,357.0,172.0,67.4,4.0,1160,7.7,213.0,212,62.3,5.5,1232,7.7,123.0,255.0,80.0,80.0,0.3,1237,7.6,30.0,122.0,42.0,81.0,0.05,1304.0,42.3,62.3,94.5,75.6,52.2,84.1,65.8,75.6,1
2.0,8.0,166.0,396.0,176.0,70.5,4.0,1265,8.0,178.0,188,70.2,5.5,1380,7.8,165.0,368.0,90.0,77.8,0.2,1434,7.5,26.0,106.0,31.0,83.9,0.0,1442.0,7.3,52.1,96.4,84.2,71.2,84.3,73.2,82.4,0
6.0,7.7,300.0,610.0,452.0,45.1,8.0,1313,7.7,375.0,556,43.9,10.0,1312,7.7,150.0,323.0,212.0,49.1,2.5,1238,7.7,21.0,116.0,14.0,85.7,0.02,1133.0,60.0,61.9,75.0,86.0,64.1,93.0,81.0,96.9,0
1.5,7.9,179.0,344.0,172.0,65.1,3.8,1379,8.0,148.0,156,74.4,4.0,1412,7.8,155.0,301.0,86.0,81.4,0.2,1426,7.5,26.0,97.0,35.0,82.9,0.0,1470.0,?,44.9,95.0,83.2,67.8,85.5,71.8,79.7,0
3.25,7.9,222.0,516.0,456.0,46.5,8.5,1335,7.9,302.0,374,52.9,9.0,1393,7.8,161.0,352.0,110.0,74.6,0.4,1450,7.7,21.0,96.0,19.0,82.1,0.02,1493.0,46.7,70.6,95.6,87.0,72.7,90.5,81.4,95.8,0
0.73,7.8,231.0,473.0,222.0,62.2,4.5,1309,7.8,279.0,268,57.5,6.0,1368,7.9,118.0,299.0,82.0,78.0,0.2,1529,7.7,27.0,136.0,29.0,75.9,0.02,1523.0,57.7,69.4,97.5,77.1,54.5,88.3,71.2,86.9,0
1.3,8.2,145.0,747.0,310.0,55.5,6.0,1059,8.2,181.0,264,53.0,4.7,1056,8.1,118.0,353.0,110.0,65.5,1.0,1082,7.7,15.0,100.0,18.0,77.8,0.02,1210.0,34.8,58.3,78.7,87.3,71.7,89.7,86.6,94.2,0
0.9,7.5,127.0,284.0,188.0,?,2.8,2260,7.6,143.0,222,?,3.5,2500,7.6,114.0,192.0,92.0,?,0.4,2140,7.7,?,62.0,14.0,?,0.0,2100.0,20.3,58.6,90.0,?,67.7,?,78.2,92.6,0
3.4,7.7,283.0,310.0,170.0,61.2,2.5,1065,7.8,235.0,270,51.1,5.5,1100,7.8,110.0,227.0,108.0,66.7,0.5,1090,7.9,16.0,85.0,20.0,80.0,0.02,993.0,53.2,60.0,91.8,85.5,62.6,94.3,72.6,88.2,0
0.35,8.0,66.0,152.0,364.0,20.3,1.6,1403,8.1,86.0,412,19.9,2.5,1383,8.0,49.0,114.0,80.0,46.3,0.2,1407,8.0,11.0,24.0,12.0,76.7,0.0,1433.0,43.0,80.6,92.0,77.6,78.9,83.3,84.2,96.7,0
0.3,8.0,201.0,434.0,118.0,73.0,5.0,1727,8.1,300.0,214,72.9,4.5,1700,8.1,131.0,317.0,114.0,66.7,0.9,1749,7.7,12.0,55.0,18.0,66.7,0.01,1750.0,56.3,46.7,80.0,90.8,82.6,94.0,87.3,84.7,0
4.5,8.2,139.0,263.0,144.0,61.1,1.5,1665,8.3,159.0,204,50.9,2.5,1717,8.0,85.0,208.0,80.0,82.5,0.2,1807,7.8,9.0,51.0,10.0,90.0,0.01,1698.0,46.5,60.8,92.0,89.4,75.5,93.5,80.6,93.1,0
1.0,7.5,319.0,465.0,214.0,63.6,5.5,1308,7.6,364.0,388,50.5,7.5,1344,7.7,143.0,261.0,100.0,70.0,0.4,1378,7.7,18.0,104.0,11.0,87.3,0.02,1345.0,60.7,74.2,94.7,87.4,60.2,94.4,77.6,94.9,0
4.85,7.9,209.0,416.0,196.0,68.4,5.0,1711,7.9,277.0,250,69.6,7.0,1774,7.9,138.0,348.0,110.0,78.2,0.6,1845,7.7,16.0,107.0,19.0,77.8,0.02,1813.0,50.2,56.0,91.4,88.4,69.3,92.3,74.3,90.3,0
8.0,7.7,211.0,488.0,268.0,53.7,5.8,1212,7.9,265.0,348,57.5,8.5,1274,7.7,151.0,306.0,88.0,79.5,0.2,1309,7.7,15.0,63.0,12.0,83.3,0.0,1320.0,43.0,74.7,97.6,90.1,79.4,92.9,87.1,95.5,0
4.5,7.8,152.0,318.0,204.0,55.9,3.5,1615,7.9,135.0,236,56.8,4.5,1595,7.9,103.0,198.0,74.0,75.7,0.3,1630,7.9,13.0,62.0,13.0,86.2,0.01,1534.0,23.7,68.6,93.3,87.4,68.7,91.4,80.5,93.6,0
1.14,7.8,181.0,358.0,228.0,64.0,4.3,1224,7.9,243.0,456,49.6,9.5,1263,7.9,107.0,272.0,112.0,66.7,0.3,1265,7.8,16.0,105.0,16.0,75.0,0.01,1268.0,56.0,75.4,96.8,85.0,61.4,91.2,70.7,93.0,0
1.7,7.7,72.0,180.0,122.0,49.2,2.5,990,7.7,98.0,122,45.9,1.8,986,7.6,61.0,180.0,70.0,62.9,0.2,923,7.6,21.0,72.0,18.0,83.3,0.0,1109.0,37.8,42.6,88.9,65.6,60.0,70.8,60.0,85.2,0
0.75,7.6,179.0,432.0,1228.0,22.8,36.0,1889,7.6,174.0,1692,21.3,46.0,1906,7.7,99.0,227.0,90.0,66.7,0.5,1962,7.6,18.0,71.0,17.0,82.4,0.02,1932.0,43.1,94.7,98.9,81.8,68.7,89.9,83.6,98.6,0
0.56,7.8,273.0,473.0,210.0,73.3,4.5,1232,7.9,213.0,224,68.8,6.0,1257,7.9,170.0,310.0,116.0,79.3,0.1,1214,7.7,22.0,85.0,22.0,78.8,0.0,1116.0,20.2,48.2,98.3,87.1,72.6,91.9,82.0,89.5,0
0.47,8.2,154.0,310.0,128.0,71.9,3.0,1520,8.2,164.0,148,70.3,3.0,1350,8.1,126.0,237.0,82.0,80.5,0.2,1403,7.7,15.0,50.0,11.0,90.9,0.0,1280.0,23.2,44.6,93.3,88.1,78.9,90.3,83.9,91.4,0
0.8,8.3,230.0,524.0,158.0,70.9,5.0,1178,8.2,285.0,186,66.7,5.5,1217,8.1,117.0,304.0,82.0,70.7,0.3,1178,7.8,13.0,92.0,13.0,73.1,0.02,1114.0,58.9,55.9,94.5,88.9,69.7,94.3,82.4,91.8,0
2.57,8.0,212.0,546.0,184.0,72.8,4.5,2240,8.0,312.0,182,74.7,4.3,2160,8.0,169.0,329.0,94.0,74.5,0.5,1940,7.8,16.0,91.0,14.0,92.9,0.0,1860.0,45.8,48.4,89.4,90.5,72.3,92.5,83.3,92.4,0
3.5,7.9,205.0,588.0,192.0,65.6,4.5,2430,7.8,236.0,268,73.1,8.5,2280,7.8,158.0,376.0,96.0,77.1,0.4,2060,7.6,20.0,104.0,20.0,96.7,0.0,1840.0,33.1,64.2,95.3,87.3,72.3,90.2,82.3,89.6,0
3.0,7.8,159.0,234.0,292.0,32.9,3.0,1140,7.8,182.0,344,32.6,4.0,1125,7.9,111.0,218.0,100.0,52.0,0.3,1231,7.8,12.0,36.0,14.0,77.1,0.0,1276.0,39.0,70.9,93.8,89.2,83.5,92.5,84.6,95.2,0
1.0,7.6,219.0,511.0,286.0,58.0,6.5,1326,7.8,243.0,382,56.5,7.0,1420,7.8,142.0,323.0,106.0,71.7,0.2,1359,7.7,22.0,98.0,21.0,74.3,0.02,1361.0,41.6,72.3,97.1,84.5,69.7,90.0,80.8,92.7,0
0.6,8.1,404.0,455.0,448.0,38.4,5.0,1229,7.8,491.0,692,38.7,11.5,1279,7.8,285.0,?,110.0,70.9,0.4,1156,7.8,20.0,83.0,25.0,90.7,0.05,1021.0,42.0,84.1,97.0,93.0,?,95.0,81.8,94.4,1
1.41,8.1,380.0,318.0,194.0,55.7,2.7,1970,8.1,137.0,188,55.3,1.8,2080,8.0,99.0,239.0,104.0,63.5,0.4,2130,7.9,16.0,71.0,22.0,59.1,0.02,2190.0,27.7,44.7,77.8,83.8,70.3,95.8,77.7,88.7,0
2.0,7.8,172.0,506.0,200.0,69.0,5.0,1865,7.8,208.0,248,66.1,6.5,1929,7.8,164.0,463.0,100.0,78.0,0.6,1825,7.6,19.0,157.0,27.0,87.0,0.02,1616.0,21.2,59.7,90.8,88.4,66.1,89.0,69.0,86.5,0
1.0,7.9,215.0,500.0,252.0,61.9,4.7,1512,7.8,233.0,348,49.4,7.5,1427,7.8,147.0,327.0,102.0,68.6,0.3,1436,7.9,25.0,75.0,23.0,78.3,0.01,1409.0,36.9,70.7,96.0,83.0,77.1,88.4,85.0,90.9,0
0.3,7.3,200.0,545.0,258.0,65.1,4.0,1260,7.4,191.0,226,67.3,3.5,1198,7.5,115.0,244.0,77.0,76.6,0.1,1351,7.7,21.0,71.0,27.0,71.1,0.01,1326.0,39.8,65.9,97.1,81.7,70.9,89.5,87.0,89.5,0
1.5,7.7,156.0,547.0,166.0,66.3,6.0,1667,7.9,135.0,174,67.8,4.0,1730,7.9,118.0,333.0,100.0,74.0,1.0,1619,7.7,15.0,120.0,17.0,82.4,0.02,1576.0,12.6,42.5,75.0,87.3,64.0,90.4,78.1,89.8,0
2.5,7.7,206.0,451.0,194.0,69.1,4.5,1249,7.7,206.0,220,61.8,4.0,1219,7.7,111.0,282.0,124.0,77.4,0.3,1233,7.5,16.0,118.0,19.0,84.2,0.03,1338.0,46.1,43.6,92.5,85.6,58.2,92.2,73.8,90.2,0
0.13,7.6,179.0,265.0,128.0,71.9,1.8,992,7.6,102.0,120,85.0,2.0,1012,7.7,88.0,188.0,66.0,84.9,0.1,1036,7.9,11.0,54.0,14.0,82.9,0.0,1044.0,13.7,45.0,95.0,87.5,71.3,93.9,79.6,89.1,0
1.1,7.3,133.0,520.0,?,85.0,3.3,1258,7.6,155.0,128,79.7,3.0,1251,7.7,87.0,194.0,?,?,0.2,1130,7.8,16.0,44.0,?,?,0.01,1165.0,43.9,?,93.3,81.6,77.3,88.0,91.5,?,0
5.0,7.7,215.0,489.0,334.0,40.7,6.0,1613,7.6,?,304,53.9,8.0,1557,7.6,181.0,350.0,90.0,71.1,0.4,1596,7.5,17.0,162.0,18.0,66.7,0.0,1606.0,?,70.4,95.6,90.6,53.7,92.1,66.9,94.6,0
2.6,7.8,198.0,604.0,288.0,58.3,4.7,1235,7.8,229.0,222,60.4,4.5,1330,7.7,144.0,391.0,104.0,73.1,0.9,1320,7.7,31.0,159.0,41.0,82.9,0.02,1399.0,37.1,53.2,80.0,78.5,59.3,84.3,73.7,85.8,0
8.5,7.5,138.0,333.0,240.0,55.0,3.8,1087,7.5,153.0,184,67.4,4.0,1109,7.5,108.0,194.0,82.0,85.4,0.4,1136,7.1,16.0,62.0,17.0,94.1,0.0,1223.0,29.4,55.4,91.3,85.2,68.0,88.4,81.4,92.9,0
1.58,7.8,119.0,220.0,128.0,62.5,1.5,1444,7.9,117.0,138,55.1,1.2,1493,7.9,91.0,161.0,76.0,68.4,0.3,1391,7.9,7.0,45.0,9.0,84.4,0.01,1431.0,22.2,44.9,75.0,92.3,72.0,94.1,79.5,93.0,0
2.7,7.9,122.0,287.0,168.0,50.0,2.0,1906,7.8,157.0,188,53.2,2.0,2130,7.8,99.0,198.0,92.0,58.7,0.2,810,7.8,12.0,43.0,16.0,77.5,0.05,1425.0,36.9,51.1,92.5,87.9,78.3,90.2,85.0,90.5,1
1.99,8.0,223.0,521.0,208.0,74.0,5.3,1585,8.0,230.0,200,75.0,5.0,1555,7.9,158.0,327.0,120.0,75.0,1.1,1597,9.7,21.0,?,17.0,88.2,0.02,1708.0,31.3,40.0,78.0,86.7,?,90.6,?,91.8,0
1.23,8.2,316.0,743.0,280.0,72.1,6.5,2390,7.8,363.0,260,70.8,7.0,2460,8.1,169.0,408.0,112.0,76.8,0.3,2380,7.7,16.0,98.0,16.0,77.5,0.01,2210.0,53.4,56.9,96.4,90.5,76.0,94.9,86.8,94.3,0
0.7,7.5,166.0,393.0,242.0,55.4,5.3,958,7.7,206.0,256,54.7,5.5,982,7.7,135.0,260.0,96.0,79.2,0.4,1038,7.6,13.0,27.0,10.0,90.0,0.0,1082.0,34.5,62.5,93.6,90.4,89.6,92.2,93.1,95.9,0
0.75,8.1,187.0,488.0,216.0,55.6,6.5,2440,8.0,191.0,252,49.2,5.0,2340,7.9,130.0,304.0,66.0,72.7,0.2,2230,8.0,28.0,80.0,21.0,70.5,0.0,2190.0,31.9,73.8,96.0,78.5,73.7,85.0,83.6,90.3,0
0.7,7.9,168.0,303.0,148.0,66.2,2.5,1069,8.0,158.0,158,65.8,3.0,1070,7.9,92.0,248.0,74.0,86.5,0.4,1150,7.7,16.0,78.0,12.0,83.3,0.0,1244.0,41.8,53.2,88.3,82.6,68.5,90.5,74.3,91.9,0
7.3,7.6,176.0,333.0,178.0,64.0,3.5,1627,7.7,170.0,178,67.4,3.0,1684,7.6,?,247.0,106.0,77.4,0.2,1720,7.6,16.0,67.0,23.0,80.0,0.05,1799.0,?,40.4,95.0,?,72.9,90.9,79.9,?,1
10.7,8.1,247.0,525.0,264.0,71.2,6.3,1606,8.2,230.0,262,67.9,7.0,1598,8.1,148.0,339.0,126.0,74.6,0.8,1564,7.8,24.0,?,21.0,85.7,0.05,1455.0,35.7,51.9,88.6,83.8,?,90.3,?,92.0,0
2.5,7.7,135.0,304.0,222.0,46.8,3.5,1087,7.7,135.0,250,55.2,3.5,1143,7.8,107.0,260.0,96.0,72.9,0.2,1162,7.9,14.0,96.0,18.0,68.9,0.0,1169.0,20.7,61.6,94.3,86.9,63.1,89.6,68.4,91.9,0
3.4,7.8,214.0,941.0,304.0,53.3,6.5,1454,7.8,396.0,320,57.5,7.0,1528,7.8,107.0,243.0,106.0,67.9,0.2,1456,7.9,11.0,55.0,14.0,74.3,0.02,1324.0,73.0,66.9,97.9,89.7,77.4,94.9,94.2,95.4,0
1.14,7.8,199.0,380.0,244.0,55.7,5.0,1453,7.8,110.0,196,60.2,3.5,1430,7.8,104.0,204.0,116.0,72.4,1.5,1436,7.9,13.0,43.0,15.0,74.7,0.0,1458.0,5.5,40.8,57.1,87.5,78.9,93.5,88.7,93.9,0
3.5,7.9,190.0,374.0,192.0,70.8,6.5,1494,7.8,204.0,184,71.1,4.5,1462,7.7,121.0,259.0,100.0,82.0,0.5,1562,7.5,21.0,108.0,22.0,84.1,0.05,1596.0,40.7,45.7,88.9,82.6,58.3,88.9,71.1,88.5,0
1.6,7.9,?,478.0,204.0,64.7,6.0,1798,7.9,?,214,66.4,7.2,1814,7.9,?,365.0,120.0,70.0,2.5,1713,7.8,?,90.0,21.0,85.7,0.05,1568.0,?,43.9,65.3,?,75.3,?,81.2,89.7,0
7.9,8.1,233.0,456.0,214.0,67.3,6.0,1586,8.1,268.0,238,69.7,4.5,1672,8.0,114.0,260.0,74.0,81.1,0.2,1784,7.9,33.0,140.0,32.0,78.1,0.01,1839.0,57.5,68.9,95.6,71.1,46.2,85.8,69.3,85.0,0
18.2,8.1,168.0,334.0,196.0,65.3,7.0,2230,8.1,188.0,188,66.0,4.5,2110,8.2,133.0,210.0,74.0,78.4,0.2,2190,7.8,20.0,74.0,20.0,85.0,0.0,2320.0,29.3,60.6,95.6,85.0,64.8,88.1,77.8,89.8,0
1.2,7.9,191.0,356.0,192.0,62.5,7.0,1434,7.9,226.0,288,55.6,10.0,1427,7.7,130.0,257.0,84.0,71.4,0.1,1467,7.6,28.0,103.0,34.0,76.5,0.0,1469.0,42.5,70.8,99.0,78.5,59.9,85.3,71.1,82.3,0
0.7,7.8,31.0,81.0,208.0,20.2,0.8,715,7.8,32.0,246,25.2,1.5,714,7.8,?,80.0,233.0,20.2,0.7,712,7.9,3.0,25.0,12.0,73.3,0.0,831.0,?,5.3,53.3,?,68.8,90.3,69.1,94.2,0
8.7,7.5,133.0,346.0,274.0,46.0,?,1186,7.3,125.0,146,58.9,?,1203,7.1,113.0,196.0,74.0,73.0,?,1229,7.0,17.0,65.0,18.0,83.3,?,1272.0,9.6,49.3,?,85.0,66.8,87.2,81.2,93.4,0
1.0,7.5,126.0,397.0,188.0,67.0,5.0,1950,7.5,121.0,190,63.2,3.5,1760,7.6,75.0,190.0,68.0,72.1,0.2,1720,7.7,16.0,101.0,15.0,61.3,0.0,1570.0,38.0,64.2,95.7,78.7,46.8,87.3,74.6,92.0,0
1.3,7.6,172.0,394.0,226.0,51.3,5.5,1324,7.6,197.0,302,47.0,4.0,1306,7.7,119.0,257.0,92.0,65.2,0.2,1368,7.8,14.0,74.0,13.0,70.8,0.0,1418.0,39.6,69.5,96.3,88.2,71.2,91.9,81.2,94.2,0
?,7.7,247.0,361.0,286.0,51.0,4.5,1180,7.7,146.0,212,56.4,2.5,1251,7.7,135.0,248.0,134.0,52.2,0.6,1144,7.9,11.0,56.0,10.0,78.0,0.0,1222.0,7.5,36.8,76.0,91.9,77.4,95.5,84.5,96.5,0
2.0,7.8,77.0,256.0,248.0,30.6,2.5,910,7.9,71.0,270,28.9,3.0,931,7.9,26.0,120.0,71.0,45.1,0.3,917,8.0,7.0,62.0,9.0,93.3,0.0,919.0,63.4,73.7,90.0,73.1,48.3,90.9,75.8,96.4,0
6.25,8.1,185.0,401.0,156.0,79.5,4.0,1513,8.2,170.0,224,73.2,5.5,1593,8.1,149.0,296.0,86.0,90.7,0.4,1653,7.8,24.0,97.0,22.0,90.9,0.01,1682.0,12.4,61.6,92.7,83.9,67.2,87.0,75.8,85.9,0
5.97,8.1,?,188.0,128.0,67.2,2.0,1465,8.1,?,158,55.7,2.0,1489,7.9,?,176.0,80.0,80.0,0.3,1435,7.8,?,59.0,24.0,73.3,0.02,1566.0,?,49.4,85.0,?,66.5,?,68.6,81.3,1
1.73,7.4,167.0,333.0,242.0,66.1,4.5,1960,7.6,211.0,202,67.3,4.5,2090,7.7,106.0,274.0,80.0,87.5,0.1,1942,7.7,12.0,73.0,14.0,78.6,0.01,1788.0,49.8,60.4,97.8,88.7,73.4,92.8,78.1,94.2,0
3.1,7.9,228.0,486.0,184.0,69.6,4.5,1912,8.0,209.0,214,69.2,4.0,1867,8.0,145.0,297.0,100.0,78.0,0.5,1889,7.8,24.0,86.0,16.0,81.3,0.02,1888.0,30.6,53.3,88.8,83.4,71.0,89.5,82.3,91.3,0
0.27,7.9,170.0,332.0,226.0,64.6,5.4,1219,7.9,163.0,272,58.8,5.5,1223,7.9,94.0,192.0,78.0,76.9,0.2,1134,7.8,21.0,24.0,18.0,83.3,0.02,1105.0,42.3,71.3,96.4,77.7,87.5,87.6,92.8,92.0,0
0.47,7.6,132.0,304.0,148.0,64.9,2.0,939,7.7,147.0,156,61.5,1.8,974,7.8,80.0,155.0,62.0,77.4,0.1,1008,7.9,14.0,42.0,13.0,83.1,0.01,1012.0,45.6,60.3,94.4,82.5,72.9,89.4,86.2,91.2,0
0.65,7.9,188.0,434.0,126.0,66.7,2.5,2450,8.1,159.0,156,67.9,3.0,2680,8.2,139.0,422.0,90.0,71.1,1.0,2950,7.8,22.0,155.0,28.0,78.6,0.05,2740.0,12.6,42.3,66.7,84.2,63.3,88.3,64.3,77.8,1
1.25,7.5,164.0,353.0,218.0,61.5,4.5,1535,7.6,185.0,244,58.2,5.0,1489,7.7,107.0,229.0,80.0,75.0,0.2,1573,7.6,15.0,59.0,14.0,71.4,0.02,1679.0,42.2,67.2,97.0,86.0,74.2,90.9,83.3,93.6,0
0.7,7.6,156.0,364.0,194.0,63.9,5.5,1680,7.6,169.0,222,55.9,5.0,1637,7.6,89.0,?,86.0,60.5,0.3,1537,7.7,21.0,64.0,18.0,77.8,0.01,1840.0,47.3,61.3,94.0,76.4,?,86.5,82.4,90.7,0
7.6,7.9,204.0,469.0,212.0,75.5,5.0,1145,7.9,252.0,246,70.7,6.5,1186,8.1,154.0,257.0,90.0,84.4,0.3,1172,7.8,18.0,20.0,14.0,88.6,0.0,1249.0,38.9,63.4,96.2,88.3,92.2,91.2,95.7,93.4,0
0.4,7.6,217.0,315.0,400.0,59.0,3.5,2080,7.5,225.0,376,64.9,4.0,2090,7.4,131.0,215.0,67.0,77.6,0.1,2190,7.5,22.0,81.0,28.0,71.4,0.05,2170.0,41.8,82.2,97.5,83.2,62.3,89.9,74.3,93.0,1
7.0,7.7,257.0,667.0,1016.0,31.5,22.0,1478,7.8,212.0,572,36.4,12.5,1422,7.9,135.0,210.0,108.0,57.4,0.2,1358,8.0,16.0,56.0,15.0,73.3,0.0,1378.0,36.3,81.1,98.4,88.1,73.3,93.8,91.6,98.5,0
1.4,7.9,165.0,470.0,170.0,76.5,4.0,1365,7.9,?,192,70.8,4.5,1399,7.9,156.0,368.0,96.0,72.9,0.3,1338,7.6,22.0,97.0,18.0,80.6,0.0,1481.0,?,50.0,94.4,85.9,73.6,86.7,79.4,89.4,0
6.0,7.8,?,552.0,262.0,64.1,5.0,1603,7.8,?,320,67.5,6.5,1608,7.8,192.0,376.0,122.0,72.1,0.4,1668,7.5,21.0,76.0,26.0,84.6,0.05,1703.0,?,61.9,93.8,89.1,79.8,?,86.2,90.1,1
1.0,7.8,95.0,206.0,132.0,43.9,1.5,828,7.8,74.0,112,57.1,1.2,856,7.9,47.0,158.0,62.0,64.5,0.1,85,7.9,21.0,99.0,39.0,66.7,0.05,891.0,36.5,44.6,91.7,55.3,37.3,77.9,51.9,70.5,1
1.5,7.4,316.0,533.0,264.0,54.5,5.5,1361,7.4,352.0,344,46.5,6.5,1453,7.5,190.0,361.0,160.0,51.3,1.5,1518,7.5,39.0,150.0,54.0,74.1,0.1,1506.0,46.0,53.5,76.9,79.5,58.4,87.7,71.9,79.5,1
2.0,7.7,327.0,376.0,184.0,57.6,4.0,1226,7.7,287.0,236,45.8,3.5,1223,7.8,102.0,255.0,84.0,73.8,0.2,1199,7.8,15.0,47.0,13.0,69.2,0.0,1136.0,64.5,64.4,94.3,85.3,81.6,95.4,87.5,92.9,0
3.42,7.4,148.0,545.0,202.0,72.3,?,1337,7.4,138.0,272,62.5,?,1334,7.4,67.0,200.0,76.0,88.9,?,1283,7.4,11.0,163.0,11.0,90.9,?,1365.0,51.4,72.1,?,83.6,18.5,92.6,70.1,94.6,0
0.7,7.8,159.0,350.0,150.0,69.3,3.0,1304,7.8,192.0,160,75.0,2.5,1206,7.7,166.0,312.0,82.0,75.6,0.2,1276,7.7,41.0,152.0,41.0,79.3,0.02,1341.0,13.5,48.8,94.0,75.3,51.3,74.2,56.6,72.7,0
5.7,7.7,115.0,408.0,290.0,51.0,4.0,2150,7.7,139.0,198,67.7,2.5,2050,7.6,96.0,290.0,98.0,75.5,0.1,1924,7.5,20.0,118.0,46.0,75.7,0.01,2060.0,30.9,50.5,96.0,79.2,59.3,82.6,71.1,84.1,0
3.6,7.6,148.0,400.0,564.0,31.6,7.0,1554,7.6,235.0,798,28.6,11.0,1515,7.6,49.0,151.0,120.0,48.3,0.4,1259,7.7,11.0,54.0,9.0,80.0,0.0,1267.0,79.1,85.0,96.8,77.6,64.2,92.6,86.5,98.4,0
0.54,7.6,145.0,258.0,194.0,58.8,2.5,985,7.6,161.0,204,55.9,2.8,991,7.7,94.0,196.0,82.0,70.7,0.2,1050,7.8,19.0,55.0,20.0,88.0,0.01,1124.0,41.6,59.8,92.9,79.8,71.9,86.9,78.7,89.7,0
10.0,8.1,202.0,476.0,300.0,49.3,3.7,1636,8.0,206.0,252,50.8,3.5,1579,7.9,186.0,394.0,108.0,72.2,1.3,1413,7.5,27.0,75.0,22.0,90.9,0.05,1291.0,9.7,57.1,62.9,85.5,81.0,86.6,84.2,92.7,1
2.42,7.7,123.0,246.0,186.0,39.8,2.5,1288,7.7,241.0,300,25.3,4.5,1328,7.7,101.0,202.0,86.0,37.2,0.2,1287,7.7,12.0,70.0,15.0,56.0,0.02,1317.0,58.1,71.3,95.6,88.1,65.3,90.2,71.5,91.9,0
1.5,8.3,181.0,348.0,184.0,84.8,4.5,1337,8.3,278.0,200,78.0,5.5,1479,8.3,124.0,264.0,76.0,89.5,0.2,1544,7.8,21.0,48.0,19.0,90.5,0.0,1605.0,55.4,62.0,96.4,83.1,81.8,88.4,86.2,89.7,0
1.97,7.3,129.0,237.0,234.0,38.5,1.5,1190,7.4,123.0,228,42.1,2.0,1202,7.4,73.0,175.0,110.0,34.5,0.2,1309,7.5,7.0,66.0,19.0,63.2,0.02,1631.0,40.7,51.8,90.0,90.4,62.3,94.6,72.2,91.9,1
0.6,8.0,216.0,529.0,248.0,61.3,6.3,1179,8.0,429.0,220,65.5,5.0,1294,7.8,140.0,337.0,138.0,63.8,1.5,1155,7.7,23.0,94.0,22.0,84.1,0.0,1107.0,67.4,37.3,70.0,83.6,72.1,89.4,82.2,91.1,0
0.58,7.7,214.0,467.0,242.0,61.2,4.5,1171,7.8,218.0,318,55.3,6.0,1205,7.7,132.0,300.0,116.0,67.2,0.2,1312,7.7,22.0,86.0,22.0,81.8,0.05,1333.0,39.4,63.5,96.7,83.3,71.3,89.7,81.6,90.9,1
6.2,8.1,222.0,662.0,252.0,68.3,6.5,1734,8.2,250.0,310,7.1,7.3,1733,8.2,175.0,346.0,104.0,78.8,0.6,1789,7.8,24.0,86.0,25.0,96.0,0.07,1821.0,30.0,66.5,91.7,86.3,75.1,89.2,87.0,90.1,1
3.7,7.3,80.0,204.0,180.0,32.2,1.8,940,7.4,84.0,198,34.3,1.5,912,7.5,45.0,125.0,74.0,45.9,0.3,863,7.4,10.0,51.0,10.0,80.0,0.0,683.0,46.4,62.6,80.0,77.8,59.2,87.5,75.0,94.4,0
3.0,7.6,115.0,272.0,266.0,38.4,2.5,1418,7.7,117.0,290,40.0,3.5,1385,7.7,75.0,248.0,84.0,69.1,0.2,1446,7.6,18.0,52.0,18.0,68.9,0.02,1498.0,35.9,71.0,95.7,76.0,79.0,84.3,80.9,93.2,0
1.7,7.8,170.0,401.0,158.0,67.1,4.0,1292,7.8,184.0,172,69.8,3.5,1413,7.8,167.0,345.0,102.0,74.5,0.7,1568,7.5,26.0,87.0,27.0,77.8,0.05,1635.0,9.2,40.7,80.0,84.4,74.8,84.7,78.3,82.9,1
2.0,8.1,255.0,550.0,214.0,69.2,5.5,1919,8.2,227.0,246,67.5,8.0,1917,8.1,161.0,372.0,100.0,78.0,0.2,1815,7.8,18.0,87.0,22.0,81.8,0.0,1690.0,29.1,59.3,97.5,88.8,76.6,92.9,84.2,89.7,0
6.5,7.8,143.0,400.0,472.0,?,6.5,2230,7.8,95.0,226,?,4.0,2160,7.8,97.0,235.0,74.0,?,0.3,2170,7.8,14.0,82.0,12.0,?,0.02,1910.0,?,67.3,93.8,85.6,65.1,90.2,79.5,97.5,0
1.2,8.0,203.0,469.0,264.0,65.2,5.2,1489,8.1,?,304,65.8,8.5,1690,7.9,155.0,361.0,100.0,80.0,0.4,1718,7.5,23.0,97.0,38.0,88.4,0.05,1716.0,?,67.1,95.3,85.2,73.1,88.7,79.3,85.6,1
5.9,8.4,215.0,440.0,190.0,69.5,?,1380,8.3,228.0,228,67.5,?,1408,8.1,113.0,213.0,78.0,76.9,?,1362,7.8,9.0,60.0,13.0,76.9,?,1379.0,50.4,65.8,?,92.0,71.8,95.8,86.4,93.2,0
1.4,7.5,184.0,219.0,148.0,62.2,3.0,1530,7.5,189.0,146,60.3,2.0,1553,7.5,92.0,192.0,78.0,76.9,0.3,1560,7.5,18.0,37.0,22.0,72.7,0.02,1100.0,51.3,46.6,85.0,80.4,80.7,90.2,83.1,85.1,0
6.3,7.7,146.0,375.0,244.0,57.4,4.0,1413,7.8,158.0,280,55.7,6.5,1486,7.7,116.0,282.0,96.0,81.3,0.7,1449,7.6,23.0,112.0,32.0,82.5,0.01,1410.0,26.6,65.7,89.2,80.2,60.3,84.2,70.1,86.9,0
1.2,8.4,134.0,302.0,208.0,57.7,3.3,1160,8.0,159.0,276,60.9,3.5,1201,8.0,116.0,233.0,80.0,77.5,0.2,1264,7.9,16.0,66.0,20.0,80.0,0.0,1333.0,27.0,71.0,94.3,86.2,71.7,88.1,78.1,90.4,0
1.25,7.7,145.0,382.0,168.0,54.8,3.5,1814,7.9,180.0,184,56.5,3.0,1820,8.1,113.0,271.0,70.0,65.7,0.2,1893,8.1,15.0,88.0,15.0,73.3,0.0,1879.0,37.2,62.0,95.0,86.7,67.5,89.7,77.0,91.1,0
6.6,7.8,151.0,485.0,198.0,71.7,3.5,1535,7.7,140.0,156,61.5,4.0,1528,7.7,102.0,283.0,78.0,76.7,0.1,1571,7.6,13.0,101.0,14.0,76.8,0.01,1605.0,27.1,50.0,97.5,87.3,64.3,91.4,79.2,92.9,0
0.7,7.9,189.0,478.0,230.0,67.0,5.5,1410,8.1,173.0,192,62.5,5.0,1406,7.7,172.0,412.0,104.0,71.2,0.4,1562,7.6,152.0,306.0,131.0,79.6,3.5,1575.0,0.6,45.8,92.0,11.6,25.7,19.6,36.0,43.0,1
12.5,7.8,161.0,326.0,268.0,44.8,4.5,1570,7.9,152.0,208,54.8,5.0,1640,7.9,76.0,173.0,74.0,64.9,0.2,1690,7.8,23.0,111.0,26.0,76.9,0.0,1720.0,50.0,64.4,97.0,69.7,35.8,85.7,66.0,90.3,0
1.2,7.6,199.0,466.0,186.0,74.2,4.5,1220,7.5,225.0,176,81.8,4.0,1208,7.5,139.0,314.0,94.0,87.2,0.2,1315,7.4,21.0,122.0,25.0,84.0,0.02,1411.0,38.2,46.6,95.0,84.9,61.1,89.4,73.8,86.6,0
8.2,8.1,199.0,486.0,240.0,68.3,9.0,1605,8.1,259.0,352,68.2,13.2,1684,8.1,168.0,394.0,116.0,75.9,0.4,1679,7.7,31.0,147.0,28.0,85.7,0.03,1770.0,35.1,67.0,97.0,81.5,62.7,84.4,69.8,88.3,0
0.8,7.7,215.0,447.0,164.0,61.0,5.5,1177,7.7,258.0,256,53.1,5.0,1207,7.9,141.0,285.0,86.0,69.8,0.2,1324,7.7,19.0,75.0,32.0,77.1,0.02,1390.0,45.3,66.4,96.0,86.5,73.7,91.2,83.2,80.5,0
4.1,7.8,133.0,295.0,158.0,55.7,3.0,1436,7.9,140.0,158,54.4,2.5,1448,7.9,92.0,206.0,74.0,73.0,0.3,1370,7.7,14.0,66.0,12.0,75.0,0.0,1203.0,34.3,53.2,88.0,84.8,68.0,89.5,77.6,92.4,0
