FICE,State,Type,Average_salary-full_professors,Average_salary-associate_professors,Average_salary-assistant_professors,Average_salary-all_ranks,Average_compensation-full_professors,Average_compensation-associate_professors,Average_compensation-assistant_professors,Average_compensation-all_ranks,Number_of_full_professors,Number_of_associate_professors,Number_of_assistant_professors,Number_of_instructors,binaryClass
1840,IN,I,798.0,562.0,470.0,637,985.0,701.0,573.0,787,274,195,164,11,0
3121,OH,IIB,485.0,379.0,334.0,379,593.0,470.0,410.0,466,6,7,14,0,1
1706,IL,IIB,644.0,475.0,402.0,495,843.0,650.0,543.0,662,26,22,24,5,1
2895,NY,IIB,674.0,517.0,408.0,523,879.0,669.0,512.0,674,70,60,66,9,1
2829,NY,IIB,627.0,473.0,366.0,488,799.0,613.0,472.0,627,50,56,40,7,1
2268,MI,IIB,568.0,479.0,387.0,467,726.0,619.0,508.0,604,91,105,118,7,0
3023,OH,IIA,563.0,405.0,334.0,424,704.0,540.0,429.0,543,54,36,57,11,1
1943,KS,IIB,336.0,301.0,261.0,282,390.0,358.0,313.0,335,10,11,15,5,1
2260,MI,IIA,546.0,470.0,409.0,467,713.0,631.0,566.0,628,143,160,151,10,0
3884,WI,IIB,491.0,380.0,320.0,409,619.0,479.0,401.0,515,28,23,17,1,1
1707,IL,IIA,467.0,392.0,330.0,357,561.0,481.0,407.0,437,37,20,29,52,1
3808,WV,IIB,397.0,348.0,286.0,340,501.0,485.0,358.0,433,21,6,23,0,1
2586,NH,IIA,449.0,363.0,331.0,365,541.0,419.0,392.0,429,12,29,18,7,1
2439,MS,IIB,300.0,267.0,244.0,262,370.0,327.0,289.0,318,17,22,18,9,1
2050,ME,IIA,450.0,380.0,323.0,354,545.0,468.0,396.0,434,11,22,39,4,1
2488,MO,IIB,489.0,406.0,349.0,389,592.0,496.0,430.0,476,42,50,67,28,1
1889,IA,IIB,431.0,374.0,325.0,362,541.0,471.0,401.0,450,29,15,44,8,1
1086,AR,IIB,406.0,366.0,332.0,335,505.0,457.0,415.0,419,40,33,71,46,1
1899,IA,IIB,?,314.0,289.0,292,?,388.0,355.0,359,5,13,22,14,1
1694,IL,IIA,446.0,369.0,320.0,345,509.0,425.0,371.0,399,120,65,77,14,0
1666,IL,IIB,399.0,351.0,295.0,351,487.0,435.0,374.0,435,30,23,24,1,1
3110,OH,IIB,459.0,372.0,329.0,363,600.0,467.0,399.0,457,22,42,56,10,1
3728,VA,I,595.0,451.0,370.0,446,731.0,564.0,468.0,557,165,228,156,52,0
2266,MI,IIB,353.0,287.0,254.0,283,474.0,376.0,326.0,371,9,19,12,4,1
3764,VA,IIA,453.0,416.0,375.0,398,554.0,510.0,462.0,489,55,49,59,28,1
3456,SC,IIA,464.0,378.0,327.0,378,578.0,474.0,413.0,474,73,78,70,19,1
2410,MS,IIA,425.0,391.0,337.0,362,511.0,471.0,407.0,436,81,79,114,54,0
2709,NY,IIB,352.0,289.0,275.0,303,436.0,366.0,363.0,387,11,6,14,1,1
9089,MO,IIB,?,284.0,248.0,258,?,366.0,308.0,324,4,8,21,5,1
2984,NC,IIA,533.0,419.0,366.0,421,648.0,511.0,449.0,514,94,105,108,1,0
11161,TX,IIA,475.0,396.0,334.0,400,604.0,513.0,440.0,517,49,44,45,4,1
1839,IN,IIB,395.0,324.0,291.0,340,485.0,395.0,356.0,415,23,28,10,3,1
3046,OH,IIB,?,?,?,345,?,?,?,438,0,0,0,0,1
3391,PA,IIB,407.0,332.0,297.0,333,541.0,453.0,399.0,451,20,11,22,11,1
1561,GA,IIA,456.0,375.0,333.0,396,588.0,491.0,437.0,515,75,50,51,2,1
1809,IN,I,674.0,479.0,399.0,540,852.0,615.0,507.0,685,624,344,305,1,0
2340,MN,IIB,638.0,486.0,394.0,521,807.0,604.0,505.0,659,68,36,45,4,1
2981,NC,IIA,515.0,439.0,364.0,414,627.0,537.0,448.0,506,71,106,93,1,0
2040,ME,IIB,464.0,348.0,292.0,385,594.0,448.0,377.0,496,47,26,13,14,1
2073,MD,IIB,529.0,387.0,358.0,411,661.0,489.0,452.0,518,21,27,23,4,1
3733,VA,IIB,522.0,395.0,313.0,399,632.0,484.0,385.0,488,22,30,21,6,1
2371,MN,IIB,373.0,339.0,313.0,333,510.0,454.0,406.0,441,13,16,27,1,1
3482,TN,IIB,414.0,347.0,312.0,345,509.0,435.0,395.0,432,22,28,32,4,1
2705,NY,IIA,456.0,408.0,329.0,374,534.0,503.0,403.0,455,19,50,46,14,1
2466,MO,IIB,350.0,298.0,302.0,304,431.0,370.0,374.0,377,12,6,8,14,1
3185,OK,IIA,686.0,500.0,404.0,513,835.0,608.0,493.0,625,84,108,73,20,0
6725,TN,I,605.0,461.0,403.0,486,757.0,576.0,502.0,607,53,60,40,11,1
1052,AL,I,633.0,445.0,366.0,461,786.0,569.0,475.0,587,106,163,107,19,0
2453,MO,IIB,402.0,336.0,252.0,310,478.0,403.0,308.0,374,11,20,22,3,1
3647,TX,IIA,696.0,477.0,389.0,548,860.0,610.0,497.0,686,95,61,57,3,1
3133,OH,IIB,335.0,266.0,241.0,272,425.0,314.0,297.0,333,9,12,14,1,1
3275,PA,IIB,480.0,395.0,335.0,364,599.0,504.0,432.0,465,12,14,33,16,1
2553,NE,IIB,372.0,?,278.0,301,449.0,?,346.0,371,14,4,25,9,1
1929,KS,IIB,337.0,290.0,265.0,293,394.0,343.0,299.0,340,11,14,10,3,1
1836,IN,IIB,524.0,391.0,331.0,388,675.0,509.0,435.0,505,21,43,52,1,1
2701,NY,IIB,669.0,505.0,406.0,539,848.0,637.0,497.0,677,78,61,56,3,1
1962,KY,IIB,354.0,291.0,272.0,286,438.0,362.0,337.0,355,17,23,32,20,1
2668,NY,IIA,520.0,427.0,367.0,439,641.0,538.0,467.0,548,46,25,36,6,1
3303,PA,IIB,497.0,383.0,314.0,359,623.0,490.0,397.0,454,8,18,20,7,1
2217,MA,IIB,513.0,428.0,354.0,423,657.0,541.0,458.0,539,24,56,36,0,1
3131,OH,I,608.0,457.0,379.0,486,750.0,572.0,481.0,607,217,152,167,20,0
3325,PA,IIA,660.0,552.0,429.0,549,842.0,723.0,576.0,716,117,97,100,6,0
1842,IN,IIA,559.0,423.0,372.0,446,681.0,525.0,459.0,548,67,58,74,5,1
1572,GA,IIA,495.0,408.0,328.0,363,623.0,509.0,407.0,453,105,135,254,109,0
1019,AL,IIB,339.0,303.0,287.0,301,421.0,371.0,347.0,366,8,15,19,2,1
2642,NJ,IIB,644.0,524.0,422.0,525,845.0,691.0,557.0,690,108,81,123,1,0
1380,CT,IIA,658.0,516.0,477.0,575,883.0,711.0,652.0,778,90,36,50,2,1
1817,IN,IIA,529.0,408.0,369.0,422,679.0,526.0,470.0,540,41,24,42,0,1
2551,NE,IIA,509.0,433.0,365.0,409,618.0,533.0,448.0,502,81,89,92,9,0
1358,CO,IIB,429.0,353.0,297.0,340,508.0,427.0,363.0,410,49,31,37,7,1
1610,HI,I,713.0,532.0,458.0,570,887.0,677.0,587.0,719,442,285,272,100,0
3184,OK,I,600.0,445.0,368.0,470,752.0,563.0,468.0,593,286,225,236,24,0
1133,CA,IIB,477.0,392.0,335.0,398,600.0,501.0,433.0,507,32,21,33,6,1
2041,ME,IIB,436.0,347.0,320.0,356,555.0,442.0,415.0,456,9,10,12,2,1
3623,TX,IIA,652.0,474.0,383.0,502,744.0,560.0,452.0,585,58,57,49,5,1
3394,PA,IIA,499.0,430.0,338.0,409,612.0,534.0,408.0,502,31,53,53,0,1
1315,CA,I,741.0,497.0,421.0,609,910.0,611.0,517.0,748,817,267,298,0,0
1948,KS,I,579.0,422.0,367.0,485,714.0,529.0,458.0,603,474,297,204,6,0
2358,MN,IIB,639.0,492.0,406.0,514,807.0,622.0,500.0,645,46,32,36,7,1
3258,PA,IIA,602.0,469.0,393.0,475,753.0,597.0,497.0,601,98,97,113,28,0
3265,PA,IIB,675.0,481.0,387.0,517,902.0,653.0,519.0,694,56,43,44,9,1
2241,MI,IIB,471.0,410.0,363.0,446,604.0,527.0,461.0,571,152,33,20,7,1
11163,TX,IIA,522.0,421.0,359.0,409,666.0,548.0,496.0,538,39,37,24,0,1
3531,TN,IIA,473.0,409.0,337.0,413,615.0,509.0,426.0,527,103,57,48,17,1
4673,MI,IIB,?,?,370.0,385,?,?,481.0,496,5,4,25,2,1
2078,MD,IIA,632.0,500.0,397.0,482,802.0,640.0,511.0,617,50,76,89,5,1
2388,MN,IIA,551.0,446.0,386.0,458,719.0,591.0,520.0,606,90,112,72,11,0
3681,UT,IIB,445.0,367.0,325.0,359,578.0,459.0,399.0,448,15,25,35,4,1
1385,CT,IIA,685.0,545.0,452.0,545,894.0,733.0,603.0,721,62,43,81,6,1
1664,IL,IIB,446.0,422.0,345.0,392,551.0,524.0,435.0,489,12,15,23,0,1
2218,MA,IIA,727.0,548.0,484.0,611,925.0,706.0,599.0,777,111,73,33,15,1
3422,SC,IIB,293.0,247.0,214.0,264,366.0,311.0,261.0,329,20,7,9,0,1
3658,TX,I,732.0,476.0,432.0,577,888.0,599.0,548.0,713,997,439,480,30,0
3032,OH,IIA,611.0,459.0,390.0,486,750.0,575.0,495.0,606,166,223,128,14,0
2327,MI,IIA,566.0,460.0,409.0,437,708.0,582.0,522.0,555,43,46,57,1,1
2713,NY,IIB,?,400.0,354.0,365,?,508.0,438.0,454,4,10,19,9,1
1325,CA,IIA,617.0,486.0,405.0,514,811.0,644.0,538.0,680,129,59,80,19,0
2109,MD,IIB,477.0,379.0,313.0,412,612.0,489.0,400.0,530,36,30,10,3,1
1684,IL,IIB,374.0,331.0,292.0,336,466.0,424.0,370.0,422,27,11,15,4,1
1174,CA,IIB,611.0,458.0,372.0,511,776.0,588.0,495.0,658,28,10,15,1,1
1744,IL,IIB,465.0,400.0,345.0,395,572.0,540.0,414.0,490,20,9,13,7,1
8795,OH,IIA,441.0,348.0,300.0,316,571.0,457.0,398.0,418,30,15,17,3,1
3813,WV,IIB,396.0,325.0,274.0,298,484.0,405.0,341.0,371,12,17,28,16,1
2091,MD,IIA,543.0,445.0,357.0,404,679.0,562.0,458.0,513,54,63,78,8,1
2729,NY,IIB,505.0,423.0,340.0,419,628.0,517.0,409.0,513,50,23,36,0,1
1816,IN,IIA,544.0,445.0,391.0,420,696.0,571.0,495.0,537,32,56,57,0,1
1044,AL,IIB,321.0,288.0,251.0,272,388.0,354.0,312.0,335,13,18,18,10,1
3069,OH,IIB,?,330.0,283.0,280,?,413.0,371.0,361,2,8,15,22,1
3825,WV,IIB,408.0,340.0,297.0,349,502.0,419.0,369.0,431,54,43,29,11,1
10392,VA,IIA,401.0,341.0,279.0,327,458.0,389.0,322.0,375,44,56,51,17,1
1122,CA,IIA,455.0,369.0,303.0,370,582.0,462.0,371.0,464,32,57,31,6,1
2190,MA,IIA,528.0,456.0,370.0,463,669.0,585.0,483.0,593,81,44,30,13,1
3089,OH,IIB,511.0,431.0,371.0,437,639.0,546.0,465.0,550,55,53,39,8,1
1403,CT,IIB,546.0,444.0,374.0,435,686.0,566.0,478.0,553,19,55,30,7,1
9743,NE,IIB,379.0,340.0,289.0,317,449.0,404.0,346.0,378,6,12,23,0,1
3227,OR,IIB,596.0,390.0,345.0,478,758.0,524.0,466.0,621,69,43,28,4,1
3644,TX,I,610.0,429.0,363.0,468,762.0,550.0,472.0,595,270,216,220,14,0
2016,LA,IIA,593.0,451.0,393.0,476,728.0,560.0,482.0,587,77,103,45,2,1
3230,PA,IIB,576.0,414.0,332.0,415,744.0,537.0,418.0,532,36,46,54,8,1
2559,NE,IIB,483.0,402.0,308.0,367,584.0,493.0,385.0,452,14,8,19,9,1
3466,SD,IIA,417.0,333.0,297.0,337,498.0,402.0,362.0,407,27,30,35,12,1
1262,CA,IIB,507.0,393.0,358.0,429,637.0,523.0,468.0,549,43,21,23,7,1
2498,MO,IIB,341.0,320.0,283.0,299,407.0,388.0,336.0,356,10,8,24,3,1
3317,PA,IIA,692.0,554.0,379.0,550,884.0,732.0,530.0,725,35,35,21,7,1
6951,SC,IIB,433.0,368.0,303.0,366,529.0,452.0,376.0,450,49,43,16,21,1
3721,VA,IIA,521.0,447.0,366.0,441,647.0,560.0,466.0,553,187,151,131,39,0
2015,LA,IIA,512.0,378.0,352.0,404,609.0,453.0,423.0,483,199,128,116,67,0
10311,AR,IIB,424.0,374.0,335.0,380,512.0,461.0,401.0,460,80,46,41,8,1
3565,TX,IIA,494.0,378.0,351.0,418,625.0,487.0,456.0,536,107,66,58,13,1
2440,MS,I,558.0,428.0,384.0,440,676.0,524.0,471.0,537,138,111,158,29,0
10300,SD,I,480.0,364.0,340.0,362,570.0,438.0,410.0,436,88,75,134,55,0
2347,MN,IIB,407.0,363.0,319.0,353,493.0,443.0,394.0,433,14,12,23,1,1
3620,TX,IIB,627.0,470.0,373.0,478,763.0,581.0,465.0,590,22,33,25,3,1
2909,NC,IIB,352.0,312.0,287.0,297,412.0,360.0,335.0,347,13,12,14,13,1
1131,CA,I,970.0,733.0,576.0,866,1204.0,909.0,717.0,1075,173,40,44,0,1
1350,CO,I,598.0,447.0,403.0,517,714.0,534.0,481.0,617,483,255,188,0,0
2537,MT,IIA,388.0,330.0,289.0,313,473.0,407.0,359.0,386,8,12,22,4,1
3815,WV,IIA,477.0,390.0,309.0,390,576.0,478.0,384.0,477,144,121,102,30,0
2608,NJ,IIB,490.0,425.0,373.0,403,592.0,509.0,450.0,487,19,13,30,8,1
3875,WI,IIB,375.0,296.0,271.0,325,458.0,354.0,344.0,397,19,15,7,2,1
1137,CA,IIA,605.0,493.0,387.0,544,760.0,637.0,506.0,690,393,120,105,5,0
3735,VA,I,610.0,492.0,404.0,491,753.0,611.0,501.0,609,220,310,211,43,0
3702,VA,IIB,372.0,319.0,281.0,328,454.0,395.0,342.0,400,19,15,11,3,1
3809,WV,IIB,409.0,315.0,268.0,310,483.0,388.0,341.0,384,23,22,34,12,1
1639,IL,IIB,?,?,?,312,?,?,?,370,0,0,0,0,1
1881,IA,IIA,?,?,?,302,?,?,?,373,0,0,0,0,1
1822,IN,IIB,396.0,342.0,294.0,335,492.0,431.0,367.0,418,22,23,34,2,1
3449,SC,IIB,461.0,392.0,317.0,374,563.0,481.0,392.0,457,30,39,36,12,1
1433,DE,IIB,448.0,373.0,334.0,376,565.0,449.0,396.0,456,14,12,22,1,1
3631,TX,IIA,446.0,399.0,347.0,354,570.0,516.0,455.0,462,42,48,48,62,1
2103,MD,I,703.0,487.0,406.0,539,865.0,608.0,505.0,669,535,388,163,133,0
1345,CO,IIA,436.0,356.0,321.0,360,527.0,444.0,400.0,444,29,21,40,8,1
1055,AL,IIA,636.0,443.0,375.0,451,771.0,540.0,455.0,548,72,87,98,7,0
1963,KY,IIA,519.0,439.0,371.0,442,648.0,551.0,468.0,555,237,135,185,29,0
2516,MO,I,603.0,456.0,407.0,485,729.0,560.0,499.0,592,336,256,244,63,0
1781,IL,IIA,510.0,437.0,368.0,452,640.0,569.0,461.0,574,67,54,32,3,1
2572,NH,IIB,397.0,380.0,277.0,329,488.0,468.0,349.0,410,9,9,19,1,1
1767,IL,IIA,463.0,395.0,315.0,409,576.0,493.0,403.0,511,38,36,17,0,1
2838,NY,I,755.0,534.0,414.0,589,961.0,688.0,526.0,751,346,216,183,24,0
2367,MN,IIA,512.0,421.0,353.0,419,651.0,544.0,461.0,540,131,65,120,29,0
9563,IN,I,500.0,394.0,343.0,423,647.0,513.0,438.0,545,248,133,151,16,0
3471,SD,IIA,440.0,368.0,326.0,368,521.0,440.0,392.0,440,132,67,122,44,0
8155,WA,IIB,?,?,?,430,?,?,?,541,0,0,0,0,1
1591,GA,IIB,370.0,308.0,294.0,317,439.0,368.0,355.0,379,16,17,17,5,1
1688,IL,IIB,522.0,424.0,347.0,424,621.0,503.0,410.0,502,16,18,14,3,1
3754,VA,I,655.0,467.0,404.0,519,802.0,582.0,506.0,641,598,526,270,91,0
2920,NC,I,854.0,584.0,459.0,699,1055.0,728.0,553.0,862,330,149,141,0,0
1531,FL,IIA,622.0,437.0,370.0,477,794.0,561.0,467.0,605,61,52,65,2,1
3270,PA,IIB,356.0,316.0,269.0,280,428.0,383.0,330.0,341,13,18,51,16,1
7540,MO,IIB,?,294.0,281.0,265,?,389.0,360.0,344,1,7,10,11,1
3842,WI,IIB,416.0,391.0,340.0,348,507.0,509.0,434.0,443,10,14,35,1,1
2029,LA,I,713.0,514.0,418.0,564,876.0,646.0,514.0,699,172,166,115,3,0
2554,NE,IIA,528.0,446.0,417.0,452,635.0,540.0,507.0,547,149,115,97,36,0
3621,TX,IIB,469.0,385.0,331.0,380,552.0,454.0,392.0,448,12,45,24,2,1
3436,SC,IIB,277.0,282.0,250.0,264,319.0,328.0,287.0,303,7,8,11,2,1
3732,VA,IIA,499.0,393.0,354.0,407,613.0,488.0,443.0,505,137,119,92,43,0
1138,CA,IIA,606.0,491.0,384.0,552,762.0,629.0,503.0,699,258,69,49,7,0
3241,PA,IIB,471.0,?,354.0,398,597.0,?,448.0,503,15,5,18,3,1
9862,NE,IIB,?,407.0,377.0,368,?,469.0,434.0,425,1,6,8,11,1
3244,PA,IIB,492.0,397.0,323.0,394,628.0,503.0,407.0,500,13,12,16,2,1
2010,LA,I,594.0,437.0,379.0,464,711.0,527.0,461.0,559,561,387,313,178,0
1146,CA,IIA,604.0,482.0,395.0,558,758.0,631.0,518.0,707,413,86,73,2,0
2128,MA,I,784.0,569.0,496.0,614,964.0,717.0,604.0,761,165,245,126,10,0
1347,CO,IIB,613.0,488.0,398.0,525,776.0,621.0,509.0,665,63,38,26,1,1
3768,VA,IIB,685.0,487.0,397.0,592,842.0,605.0,480.0,728,84,30,24,0,1
3224,OR,IIA,587.0,437.0,387.0,436,716.0,542.0,470.0,536,26,57,42,2,1
3401,RI,I,752.0,515.0,433.0,625,956.0,659.0,554.0,797,286,100,111,0,0
2960,NC,IIB,378.0,349.0,283.0,324,466.0,451.0,349.0,407,9,15,17,3,1
2062,MD,IIA,510.0,433.0,349.0,401,647.0,554.0,452.0,515,31,28,51,14,1
2343,MN,IIB,461.0,374.0,327.0,345,568.0,466.0,421.0,436,14,31,50,18,1
1149,CA,IIA,593.0,468.0,387.0,543,746.0,603.0,507.0,688,213,38,50,0,0
3050,OH,IIA,587.0,473.0,389.0,465,717.0,586.0,490.0,576,59,56,74,14,1
3379,PA,I,736.0,516.0,421.0,547,910.0,653.0,537.0,688,427,402,373,63,0
2926,NC,IIB,472.0,415.0,338.0,398,580.0,510.0,420.0,489,32,32,16,3,1
2117,MA,IIB,407.0,364.0,318.0,341,499.0,470.0,377.0,416,6,9,14,4,1
3167,OK,IIB,427.0,369.0,336.0,362,528.0,459.0,434.0,454,13,18,11,10,1
1090,AR,IIA,520.0,433.0,342.0,398,646.0,541.0,431.0,498,103,87,141,63,0
2599,NJ,IIB,?,305.0,252.0,266,?,371.0,310.0,326,1,10,16,9,1
1950,KS,IIA,555.0,417.0,361.0,415,679.0,518.0,450.0,514,101,154,188,24,0
10395,CA,IIA,719.0,533.0,452.0,575,904.0,678.0,569.0,725,105,72,76,12,0
10286,NY,IIB,543.0,437.0,361.0,430,706.0,562.0,468.0,554,33,47,35,3,1
3480,TN,IIB,287.0,?,255.0,262,345.0,?,307.0,323,9,4,9,5,1
2631,NJ,IIA,893.0,640.0,526.0,693,1097.0,812.0,682.0,871,141,125,73,16,0
2227,MA,IIB,602.0,435.0,357.0,486,740.0,539.0,448.0,601,44,16,25,6,1
1869,IA,I,684.0,506.0,404.0,534,842.0,635.0,514.0,666,467,353,284,84,0
2712,NY,IIB,404.0,385.0,327.0,359,485.0,456.0,390.0,427,15,22,32,7,1
1314,CA,I,708.0,488.0,423.0,574,870.0,599.0,520.0,705,319,161,138,0,0
2500,MO,IIB,446.0,392.0,350.0,393,547.0,483.0,425.0,482,27,25,23,4,1
2199,MA,I,688.0,525.0,460.0,543,880.0,689.0,599.0,705,236,260,176,0,0
2584,NH,IIB,335.0,299.0,261.0,286,393.0,383.0,312.0,349,6,11,13,4,1
6964,NJ,I,846.0,611.0,478.0,665,1045.0,780.0,624.0,838,601,393,258,90,0
2817,NY,IIA,492.0,398.0,377.0,425,642.0,535.0,495.0,562,56,51,43,4,1
1487,FL,IIB,534.0,424.0,357.0,436,676.0,547.0,472.0,563,32,18,37,0,1
2032,LA,IIA,459.0,389.0,332.0,352,546.0,456.0,386.0,413,37,41,91,34,1
2772,NY,IIB,524.0,399.0,341.0,416,640.0,493.0,423.0,511,53,38,48,6,1
1749,IL,IIA,484.0,405.0,359.0,416,610.0,517.0,464.0,531,50,58,42,2,1
3008,ND,IIB,403.0,368.0,313.0,340,501.0,462.0,383.0,425,12,14,16,6,1
2610,NJ,IIB,?,351.0,311.0,320,?,422.0,375.0,385,1,14,24,5,1
1960,KY,IIB,359.0,315.0,289.0,313,416.0,370.0,333.0,363,15,22,26,3,1
7993,CA,IIA,597.0,482.0,377.0,499,752.0,619.0,495.0,637,95,48,50,13,1
1887,IA,IIB,491.0,377.0,339.0,394,645.0,473.0,434.0,504,25,11,17,14,1
1946,KS,IIB,304.0,?,222.0,257,385.0,?,282.0,326,8,5,8,3,1
2389,MN,IIB,533.0,399.0,334.0,389,697.0,534.0,457.0,522,27,23,45,17,1
3584,TX,IIB,404.0,343.0,319.0,349,525.0,431.0,428.0,449,15,18,11,6,1
2441,MS,I,562.0,438.0,352.0,438,664.0,520.0,420.0,520,183,162,160,58,0
3016,OH,IIB,368.0,309.0,272.0,312,466.0,389.0,347.0,399,16,13,19,1,1
2711,NY,I,651.0,511.0,431.0,549,847.0,691.0,598.0,732,318,231,105,41,0
3818,WV,IIB,385.0,347.0,324.0,333,484.0,440.0,413.0,423,10,21,21,15,1
3892,WI,IIB,546.0,445.0,353.0,415,712.0,585.0,457.0,541,15,45,42,7,1
3427,SC,IIB,425.0,359.0,318.0,358,521.0,425.0,378.0,430,14,9,18,2,1
2580,NH,IIA,567.0,425.0,356.0,459,728.0,558.0,464.0,597,31,32,15,5,1
2905,NC,IIA,524.0,448.0,409.0,432,637.0,547.0,496.0,526,68,106,116,15,0
2814,NY,IIB,642.0,492.0,397.0,498,831.0,639.0,516.0,646,42,69,48,5,1
3479,TN,IIA,484.0,372.0,315.0,382,573.0,445.0,377.0,455,42,54,45,7,1
1083,AZ,I,648.0,462.0,411.0,537,771.0,561.0,498.0,645,647,377,272,2,0
2461,MO,IIB,448.0,394.0,323.0,375,546.0,483.0,400.0,460,26,23,31,2,1
3749,VA,I,753.0,524.0,445.0,568,909.0,650.0,550.0,696,210,266,156,43,0
3041,OH,IIB,373.0,333.0,277.0,326,438.0,388.0,330.0,382,14,18,11,0,1
2234,MI,IIB,439.0,365.0,316.0,386,559.0,466.0,407.0,493,37,8,14,7,1
3529,TN,IIA,494.0,420.0,365.0,428,628.0,525.0,452.0,538,113,60,79,11,0
1801,IN,IIB,555.0,437.0,377.0,432,682.0,539.0,455.0,524,28,16,35,13,1
1586,GA,IIB,516.0,454.0,329.0,450,630.0,550.0,390.0,546,21,9,10,0,1
3315,PA,IIA,669.0,538.0,428.0,528,856.0,710.0,580.0,696,98,109,131,10,0
1249,CA,IIB,624.0,469.0,388.0,490,806.0,593.0,482.0,621,49,42,33,15,1
3955,FL,IIA,489.0,391.0,350.0,390,636.0,505.0,458.0,507,59,65,75,22,1
2524,MO,IIB,422.0,342.0,306.0,364,529.0,458.0,391.0,463,42,12,31,3,1
2532,MT,I,497.0,397.0,346.0,407,602.0,487.0,427.0,498,154,146,144,24,0
3362,PA,IIB,489.0,380.0,329.0,368,575.0,479.0,403.0,453,7,23,24,1,1
1928,KS,I,550.0,419.0,368.0,440,686.0,530.0,466.0,554,305,231,259,63,0
1868,IA,IIB,642.0,517.0,405.0,513,809.0,641.0,496.0,638,46,36,52,3,1
3235,PA,IIA,496.0,405.0,353.0,381,652.0,532.0,462.0,500,12,20,32,2,1
2072,MD,IIA,498.0,423.0,366.0,416,646.0,538.0,468.0,530,76,56,70,8,1
2520,MO,I,782.0,534.0,451.0,601,952.0,652.0,540.0,730,264,136,175,18,0
3005,ND,I,460.0,391.0,345.0,379,572.0,489.0,431.0,473,130,124,163,27,0
2810,NY,IIA,487.0,409.0,351.0,397,609.0,506.0,435.0,493,19,56,37,6,1
1972,KY,IIB,?,359.0,278.0,294,?,427.0,331.0,349,2,7,11,18,1
3243,PA,IIB,475.0,392.0,318.0,375,591.0,495.0,392.0,468,14,17,29,0,1
1363,CO,IIB,489.0,434.0,349.0,424,626.0,531.0,428.0,527,16,26,12,2,1
1544,GA,IIB,444.0,395.0,335.0,371,578.0,519.0,437.0,484,38,24,68,8,1
3969,MN,I,662.0,468.0,418.0,557,842.0,613.0,552.0,719,785,468,271,12,0
1788,IN,IIA,521.0,442.0,366.0,439,650.0,551.0,447.0,544,72,66,77,3,1
3229,PA,IIB,488.0,396.0,359.0,430,648.0,514.0,451.0,562,39,21,15,3,1
2735,NY,IIB,318.0,?,261.0,278,376.0,?,315.0,336,6,3,12,7,1
2844,NY,IIA,562.0,438.0,350.0,450,731.0,569.0,451.0,585,93,65,54,15,1
3917,WI,IIA,489.0,410.0,372.0,428,627.0,533.0,487.0,555,167,126,112,12,0
1733,IL,IIA,490.0,405.0,337.0,348,566.0,472.0,394.0,405,20,51,120,23,1
1480,FL,IIA,524.0,426.0,359.0,424,661.0,543.0,460.0,540,103,123,111,27,0
2473,MO,IIB,440.0,?,299.0,373,535.0,?,357.0,450,26,1,13,7,1
1601,GA,IIA,466.0,391.0,353.0,392,595.0,502.0,454.0,502,98,50,97,27,0
3715,VA,IIB,498.0,398.0,306.0,388,609.0,512.0,374.0,484,18,27,23,3,1
2052,ME,IIB,?,338.0,297.0,318,?,404.0,341.0,374,2,7,8,0,1
1009,AL,I,580.0,437.0,374.0,455,692.0,527.0,451.0,546,366,354,301,66,0
1036,AL,IIA,565.0,425.0,363.0,449,710.0,556.0,476.0,578,83,46,77,9,1
1937,KS,IIB,338.0,292.0,264.0,284,410.0,348.0,309.0,338,13,12,22,8,1
1106,AR,IIB,?,?,264.0,266,?,?,327.0,331,4,4,12,4,1
1317,CA,I,723.0,487.0,401.0,595,888.0,598.0,493.0,732,405,147,130,0,0
1820,IN,IIB,412.0,340.0,289.0,340,527.0,416.0,348.0,420,24,22,17,11,1
3799,WA,IIB,333.0,314.0,300.0,312,403.0,382.0,367.0,379,45,20,36,13,1
3651,TX,IIA,474.0,432.0,364.0,395,578.0,550.0,446.0,489,23,35,25,1,1
9651,TX,IIB,445.0,432.0,380.0,404,570.0,554.0,494.0,522,10,16,18,4,1
1693,IL,IIA,460.0,378.0,359.0,394,529.0,439.0,418.0,455,139,88,71,0,0
2414,MS,IIB,498.0,376.0,322.0,387,615.0,478.0,381.0,475,25,27,29,4,1
1436,MD,IIB,?,344.0,?,352,?,406.0,?,416,5,7,5,0,1
3367,PA,IIA,594.0,484.0,427.0,487,764.0,628.0,539.0,623,39,50,63,2,1
2055,ME,IIB,465.0,355.0,284.0,360,582.0,459.0,366.0,462,7,24,8,0,1
1859,IA,IIB,411.0,356.0,308.0,355,548.0,470.0,406.0,472,30,14,16,12,1
2835,NY,I,732.0,526.0,407.0,576,934.0,679.0,524.0,739,260,217,125,0,0
10115,TX,IIA,546.0,441.0,379.0,429,685.0,562.0,489.0,548,61,120,108,6,0
1466,FL,IIA,488.0,420.0,350.0,394,598.0,508.0,424.0,477,39,77,84,15,1
1598,GA,I,619.0,444.0,378.0,489,768.0,553.0,464.0,607,650,552,391,64,0
3694,VT,IIB,501.0,414.0,344.0,404,675.0,548.0,457.0,540,33,38,46,0,1
2121,MA,IIB,787.0,613.0,557.0,633,975.0,769.0,700.0,790,31,45,31,3,1
2948,NC,IIB,?,304.0,274.0,299,?,393.0,355.0,393,4,12,8,0,1
2211,MA,IIA,520.0,404.0,321.0,376,643.0,501.0,399.0,467,34,45,78,17,1
3157,OK,IIB,459.0,375.0,313.0,342,545.0,454.0,383.0,415,12,31,34,29,1
1094,AR,IIB,309.0,280.0,274.0,285,428.0,383.0,376.0,391,14,9,15,2,1
2775,NY,IIB,541.0,435.0,353.0,381,697.0,551.0,463.0,494,16,20,58,22,1
3382,PA,IIB,554.0,430.0,322.0,404,704.0,538.0,401.0,507,16,63,32,17,1
2933,NC,IIB,475.0,397.0,330.0,349,591.0,496.0,407.0,435,14,25,35,9,1
3072,OH,IIB,410.0,352.0,306.0,343,515.0,441.0,383.0,432,20,18,26,4,1
3252,PA,IIB,504.0,411.0,347.0,379,649.0,511.0,426.0,473,10,27,21,15,1
1107,AR,IIA,461.0,389.0,321.0,362,575.0,484.0,402.0,453,27,31,34,23,1
3691,VT,IIB,678.0,469.0,398.0,512,878.0,599.0,493.0,651,68,33,56,14,1
3704,VA,IIB,450.0,390.0,332.0,383,563.0,483.0,417.0,479,22,15,21,4,1
3923,WI,IIA,485.0,399.0,340.0,420,622.0,519.0,449.0,545,112,57,57,2,1
2275,MI,IIB,553.0,440.0,352.0,452,696.0,569.0,440.0,571,36,25,24,7,1
1988,KY,IIB,314.0,287.0,255.0,277,383.0,353.0,304.0,335,11,20,8,9,1
1326,CA,IIA,763.0,555.0,487.0,578,938.0,704.0,624.0,729,85,117,90,0,0
2765,NY,IIB,580.0,485.0,373.0,417,741.0,643.0,481.0,542,16,34,91,0,1
3484,GA,IIB,429.0,371.0,312.0,388,519.0,492.0,390.0,484,19,12,6,1,1
2654,NM,I,538.0,421.0,405.0,448,648.0,512.0,494.0,544,39,32,29,5,1
2454,MO,IIA,517.0,440.0,379.0,429,630.0,538.0,467.0,526,158,103,135,53,0
3181,OK,IIA,464.0,429.0,382.0,393,567.0,528.0,474.0,485,56,33,65,44,1
2734,NY,IIB,370.0,323.0,265.0,327,487.0,424.0,343.0,428,30,29,17,1,1
2506,MO,I,657.0,475.0,402.0,500,783.0,575.0,484.0,600,133,111,120,31,0
2911,NC,IIB,351.0,377.0,300.0,323,418.0,437.0,346.0,375,9,16,16,11,1
1302,CA,IIA,614.0,494.0,404.0,500,754.0,616.0,497.0,618,38,55,42,0,1
1101,AR,IIA,536.0,416.0,372.0,415,651.0,506.0,450.0,504,128,117,72,63,0
10256,KS,IIB,335.0,316.0,278.0,296,374.0,368.0,327.0,342,11,16,16,7,1
1414,CT,IIB,706.0,501.0,394.0,550,901.0,650.0,494.0,704,57,49,32,0,1
1238,CA,IIA,593.0,461.0,407.0,492,737.0,571.0,507.0,612,28,16,23,2,1
2039,ME,IIB,745.0,515.0,383.0,524,904.0,622.0,453.0,629,43,33,60,4,1
3274,PA,IIB,653.0,498.0,392.0,521,876.0,702.0,551.0,716,40,19,33,3,1
2051,ME,IIB,?,321.0,283.0,295,?,391.0,353.0,370,4,8,33,0,1
6771,MI,IIB,401.0,333.0,263.0,360,489.0,413.0,331.0,442,29,11,6,2,1
1626,ID,I,514.0,408.0,373.0,438,640.0,514.0,472.0,550,217,165,155,9,0
1004,AL,IIA,441.0,385.0,310.0,388,542.0,473.0,383.0,477,57,33,35,2,1
3368,PA,IIB,436.0,399.0,317.0,363,603.0,540.0,406.0,481,14,20,20,10,1
2053,ME,I,574.0,436.0,366.0,449,716.0,552.0,463.0,566,122,197,102,19,0
7109,NY,IIB,592.0,480.0,374.0,466,758.0,616.0,485.0,599,36,42,40,8,1
3692,VT,IIA,423.0,356.0,297.0,371,545.0,468.0,394.0,484,62,51,32,1,1
3683,VT,IIB,432.0,355.0,302.0,355,580.0,484.0,410.0,480,26,27,34,3,1
1800,IN,IIB,326.0,264.0,228.0,285,439.0,372.0,334.0,395,14,11,6,0,1
1735,IL,IIB,415.0,337.0,285.0,339,540.0,426.0,352.0,431,23,18,18,2,1
3785,WA,IIA,494.0,409.0,351.0,422,617.0,513.0,434.0,527,78,88,63,0,1
3624,TX,IIA,473.0,379.0,338.0,380,582.0,478.0,434.0,481,138,74,114,37,0
1253,CA,IIB,?,?,?,361,?,?,?,447,0,0,0,0,1
3354,PA,IIB,538.0,425.0,362.0,417,693.0,571.0,452.0,538,17,28,39,1,1
2132,MA,IIB,447.0,352.0,310.0,346,557.0,450.0,384.0,435,9,18,8,6,1
2118,MA,IIB,479.0,400.0,325.0,385,610.0,518.0,413.0,492,22,42,40,3,1
3823,WV,IIB,417.0,327.0,235.0,337,513.0,404.0,294.0,417,42,62,18,7,1
29100,DC,IIA,559.0,476.0,390.0,491,686.0,586.0,482.0,604,184,113,95,8,0
5015,WI,IIA,535.0,427.0,391.0,434,680.0,553.0,510.0,561,49,58,37,1,1
1100,AR,IIB,372.0,338.0,304.0,341,478.0,414.0,375.0,426,23,22,10,3,1
1328,CA,I,802.0,574.0,484.0,641,1016.0,751.0,636.0,825,485,354,286,27,0
3734,VA,IIB,495.0,411.0,337.0,409,623.0,512.0,424.0,512,17,28,18,2,1
2326,MI,IIA,552.0,452.0,408.0,451,701.0,583.0,531.0,582,70,66,51,0,1
1444,DC,I,729.0,542.0,447.0,610,874.0,653.0,536.0,733,316,175,134,12,0
1151,CA,IIA,602.0,479.0,403.0,547,756.0,615.0,524.0,693,576,223,100,10,0
1047,AL,IIA,462.0,385.0,322.0,350,560.0,467.0,392.0,426,25,59,100,19,1
1739,IL,I,860.0,596.0,496.0,712,1045.0,735.0,602.0,868,460,209,203,0,0
1008,AL,IIB,466.0,394.0,351.0,396,558.0,476.0,427.0,478,20,18,30,0,1
1776,IL,I,656.0,476.0,411.0,513,755.0,555.0,483.0,596,401,369,296,20,0
2396,MS,IIB,419.0,371.0,326.0,320,534.0,473.0,414.0,406,25,35,35,73,1
2533,MT,IIA,403.0,342.0,309.0,332,493.0,425.0,384.0,411,15,19,41,3,1
2703,NY,IIB,?,388.0,336.0,366,?,476.0,410.0,450,5,24,20,7,1
3376,PA,IIB,408.0,342.0,287.0,369,534.0,443.0,376.0,481,33,14,10,1,1
3402,RI,IIB,632.0,582.0,502.0,556,812.0,746.0,629.0,709,40,43,45,0,1
3287,PA,IIA,585.0,482.0,426.0,470,733.0,616.0,543.0,597,30,80,95,4,1
2788,NY,IIA,503.0,430.0,376.0,443,612.0,524.0,448.0,537,39,43,24,2,1
3194,OR,IIB,418.0,373.0,302.0,355,531.0,468.0,371.0,444,20,27,27,3,1
3154,OK,IIB,453.0,407.0,352.0,378,538.0,488.0,429.0,456,39,31,64,23,1
3652,TX,I,681.0,462.0,398.0,520,836.0,585.0,510.0,651,341,288,238,24,0
2768,NY,IIB,426.0,349.0,297.0,357,546.0,442.0,383.0,455,17,24,13,2,1
3746,VA,IIB,475.0,397.0,325.0,401,602.0,507.0,421.0,513,59,43,48,0,1
1745,IL,IIB,372.0,371.0,285.0,345,459.0,462.0,351.0,427,18,21,14,2,1
3736,VA,IIB,494.0,408.0,338.0,412,624.0,523.0,422.0,522,27,37,28,0,1
1360,CO,IIB,480.0,406.0,351.0,418,568.0,485.0,424.0,498,159,90,111,8,0
3446,SC,IIB,458.0,379.0,307.0,350,561.0,467.0,382.0,432,59,58,77,36,1
1452,DC,IIB,?,360.0,288.0,330,?,453.0,364.0,413,3,10,17,0,1
1665,IL,IIB,?,?,?,349,?,?,?,446,0,0,0,0,1
1051,AL,I,605.0,447.0,382.0,463,746.0,563.0,483.0,580,267,206,206,76,0
3771,WA,IIA,483.0,355.0,292.0,401,596.0,447.0,374.0,501,172,80,72,0,0
1065,AK,IIA,533.0,494.0,329.0,415,716.0,663.0,442.0,559,9,26,20,9,1
2292,MI,IIA,668.0,482.0,420.0,511,854.0,638.0,563.0,671,99,124,95,11,0
3399,PA,IIB,615.0,512.0,414.0,464,809.0,664.0,537.0,603,13,32,67,1,1
2519,MO,I,576.0,460.0,412.0,476,699.0,561.0,503.0,579,86,103,110,5,0
2739,NY,IIB,606.0,484.0,366.0,443,761.0,605.0,461.0,557,70,153,184,21,0
1139,CA,IIA,600.0,474.0,401.0,542,751.0,610.0,521.0,685,491,171,112,6,0
1365,CO,IIA,474.0,422.0,360.0,397,559.0,498.0,425.0,468,47,45,63,15,1
2307,MI,IIA,633.0,518.0,432.0,534,831.0,690.0,582.0,710,123,142,85,8,0
2825,NY,IIB,495.0,398.0,349.0,372,584.0,478.0,419.0,446,12,15,46,8,1
2842,NY,IIA,536.0,433.0,359.0,444,693.0,560.0,464.0,573,144,157,88,3,0
1890,IA,IIA,586.0,469.0,390.0,447,730.0,591.0,491.0,561,155,152,226,89,0
2512,MO,IIB,?,?,?,282,?,?,?,364,0,0,0,0,1
1141,CA,IIA,605.0,472.0,392.0,548,759.0,606.0,593.0,705,178,52,37,1,0
2329,MI,I,683.0,525.0,447.0,535,846.0,664.0,560.0,669,317,267,216,8,0
2282,MI,IIB,482.0,395.0,352.0,382,576.0,465.0,430.0,459,19,12,42,11,1
2836,NY,I,705.0,511.0,407.0,555,902.0,665.0,528.0,716,172,175,82,0,0
3869,WI,IIB,393.0,327.0,282.0,312,493.0,393.0,327.0,371,8,19,19,6,1
3420,SC,IIB,320.0,260.0,241.0,257,381.0,311.0,289.0,308,21,10,29,18,1
1172,CA,IIB,652.0,439.0,381.0,547,824.0,572.0,482.0,695,31,10,13,0,1
1691,IL,I,680.0,480.0,452.0,512,836.0,606.0,558.0,636,93,81,73,11,0
3086,OH,IIB,588.0,454.0,385.0,507,789.0,605.0,491.0,673,121,69,43,6,1
1050,AL,IIA,410.0,352.0,306.0,327,487.0,415.0,362.0,387,57,65,85,45,1
2777,NY,IIB,435.0,371.0,276.0,349,525.0,446.0,322.0,418,11,16,13,2,1
2530,MT,IIA,409.0,358.0,292.0,348,500.0,440.0,364.0,430,47,41,48,5,1
2979,NC,IIB,?,?,?,283,?,?,?,352,0,0,0,0,1
3092,OH,IIB,?,460.0,335.0,384,?,567.0,424.0,480,3,14,19,3,1
1537,FL,I,571.0,418.0,369.0,455,735.0,547.0,483.0,591,387,319,239,45,0
3571,TX,IIA,378.0,311.0,295.0,330,457.0,380.0,357.0,400,39,11,25,9,1
1437,DC,I,611.0,449.0,385.0,482,718.0,533.0,459.0,570,123,141,104,6,0
3380,PA,IIB,489.0,418.0,340.0,373,619.0,517.0,419.0,464,8,14,25,8,1
3576,TX,IIA,408.0,363.0,314.0,345,507.0,456.0,397.0,434,34,19,43,15,1
3151,OK,IIB,?,?,?,264,?,?,?,358,0,0,0,0,1
2542,NE,IIA,649.0,462.0,351.0,437,793.0,562.0,418.0,529,66,119,127,22,0
3409,RI,IIB,558.0,427.0,351.0,444,739.0,576.0,484.0,598,35,49,34,0,1
2566,NE,IIA,481.0,411.0,324.0,394,585.0,501.0,399.0,482,46,25,41,13,1
2006,LA,IIA,442.0,392.0,329.0,349,491.0,437.0,369.0,391,48,48,124,45,0
3428,SC,IIA,475.0,410.0,320.0,374,581.0,505.0,399.0,462,68,102,118,32,0
6791,NY,IIB,534.0,432.0,362.0,437,696.0,565.0,468.0,570,29,52,28,0,1
2591,NH,IIB,518.0,405.0,354.0,431,650.0,518.0,458.0,548,59,55,38,6,1
3212,OR,IIA,441.0,381.0,341.0,370,561.0,469.0,421.0,461,28,32,41,7,1
2353,MN,IIB,486.0,402.0,338.0,408,625.0,507.0,423.0,518,59,47,44,12,1
3143,OH,IIB,546.0,413.0,341.0,438,704.0,543.0,436.0,567,49,55,32,6,1
3739,VA,IIB,319.0,309.0,275.0,290,399.0,368.0,341.0,357,8,9,8,8,1
2543,NE,IIB,338.0,300.0,276.0,300,404.0,368.0,336.0,364,11,11,11,3,1
3505,TN,IIB,429.0,351.0,289.0,338,520.0,419.0,348.0,406,12,14,19,4,1
3313,PA,IIA,670.0,556.0,439.0,529,870.0,714.0,567.0,683,60,136,88,18,0
1577,GA,IIA,523.0,428.0,353.0,399,661.0,542.0,445.0,506,69,116,111,54,0
3293,PA,IIB,502.0,436.0,352.0,395,656.0,575.0,442.0,507,16,26,33,11,1
1824,IN,IIB,?,282.0,252.0,269,?,340.0,314.0,328,3,11,10,4,1
1147,CA,IIA,603.0,476.0,382.0,553,757.0,612.0,500.0,699,459,109,67,14,0
2004,LA,IIB,494.0,373.0,342.0,350,567.0,437.0,398.0,406,8,15,59,10,1
2375,MN,IIB,525.0,417.0,355.0,459,686.0,551.0,466.0,602,57,40,19,1,1
10298,TX,IIB,570.0,368.0,376.0,393,714.0,475.0,482.0,503,15,15,8,0,1
2931,NC,IIB,492.0,414.0,338.0,410,615.0,505.0,407.0,503,32,22,29,5,1
3598,TX,IIA,499.0,405.0,346.0,379,577.0,469.0,399.0,437,24,25,30,21,1
2102,MD,IIA,680.0,560.0,490.0,582,833.0,693.0,612.0,719,62,50,54,0,1
1900,IA,IIB,351.0,312.0,269.0,294,420.0,386.0,335.0,363,8,11,19,7,1
1264,CA,IIA,715.0,561.0,511.0,637,930.0,737.0,645.0,829,130,72,22,7,1
1635,IL,IIB,507.0,405.0,333.0,402,599.0,473.0,394.0,474,9,9,14,0,1
1092,AR,IIA,521.0,416.0,339.0,395,632.0,507.0,416.0,482,93,89,82,76,0
3100,OH,I,632.0,486.0,393.0,512,786.0,618.0,512.0,648,248,241,192,4,0
2002,KY,IIA,485.0,408.0,347.0,413,613.0,517.0,442.0,524,223,135,144,43,0
3926,WI,IIA,525.0,434.0,368.0,432,670.0,562.0,483.0,559,127,103,99,5,0
2124,MA,IIA,717.0,566.0,493.0,575,894.0,708.0,599.0,712,48,84,56,10,1
3723,VA,IIB,457.0,370.0,311.0,362,551.0,457.0,380.0,443,13,31,25,2,1
1678,IL,IIB,?,370.0,315.0,355,?,458.0,390.0,438,5,16,16,0,1
2536,MT,I,446.0,365.0,323.0,392,537.0,442.0,395.0,474,200,79,95,16,0
3432,SC,IIB,420.0,?,297.0,355,527.0,?,366.0,444,19,5,14,2,1
1741,IL,IIA,391.0,335.0,278.0,320,476.0,412.0,346.0,395,26,22,36,8,1
2068,MD,IIB,557.0,435.0,366.0,431,707.0,559.0,476.0,554,26,32,36,4,1
3463,SD,IIB,469.0,357.0,349.0,351,554.0,427.0,419.0,420,9,11,24,12,1
3036,OH,IIB,445.0,362.0,300.0,349,580.0,440.0,405.0,449,15,32,34,2,1
9554,NY,I,762.0,548.0,423.0,601,970.0,704.0,534.0,767,400,338,218,9,0
3822,WW,VIIB,415.0,348.0,312.0,342,508.0,421.0,383.0,418,27,31,33,14,1
9235,PA,IIA,649.0,539.0,419.0,517,824.0,694.0,549.0,665,100,92,110,22,0
1538,FL,IIB,495.0,425.0,371.0,416,593.0,513.0,438.0,497,36,37,46,4,1
2496,MO,IIA,526.0,404.0,348.0,379,634.0,490.0,425.0,461,48,49,85,36,1
2219,MA,I,735.0,549.0,447.0,592,964.0,710.0,607.0,777,148,157,98,2,0
3470,SD,IIA,473.0,414.0,362.0,419,562.0,495.0,435.0,500,45,28,26,5,1
2942,NC,IIB,?,257.0,263.0,259,?,292.0,298.0,294,5,12,22,14,1
4779,NY,IIA,631.0,513.0,408.0,531,825.0,672.0,520.0,690,233,175,124,22,0
11711,TX,IIA,558.0,479.0,409.0,467,696.0,605.0,520.0,590,48,65,45,4,1
2017,LA,IIA,456.0,374.0,323.0,363,554.0,458.0,398.0,446,76,77,104,33,0
3279,PA,IIB,488.0,391.0,316.0,419,634.0,497.0,427.0,545,36,20,16,2,1
1536,FL,I,693.0,510.0,408.0,513,895.0,654.0,514.0,659,291,200,147,20,0
3134,OH,IIB,413.0,350.0,297.0,306,476.0,410.0,361.0,363,8,10,20,24,1
3535,TN,I,807.0,522.0,432.0,612,988.0,651.0,538.0,756,289,160,177,9,0
2803,NY,I,750.0,548.0,475.0,640,922.0,703.0,601.0,799,190,118,61,0,0
1808,IN,IIA,493.0,421.0,377.0,384,636.0,545.0,477.0,491,35,38,58,50,1
1999,KY,I,584.0,442.0,368.0,476,715.0,547.0,449.0,584,276,208,169,12,0
3689,VT,IIB,433.0,366.0,293.0,366,584.0,501.0,411.0,500,18,22,17,0,1
1616,ID,IIA,448.0,391.0,354.0,391,566.0,498.0,453.0,498,157,111,100,7,0
3682,VT,IIB,?,?,?,373,?,?,?,449,0,0,0,0,1
1955,KY,IIB,552.0,428.0,355.0,436,675.0,518.0,421.0,525,32,43,31,6,1
1758,IL,I,564.0,436.0,359.0,422,657.0,517.0,431.0,500,272,255,313,33,0
1793,IN,IIB,514.0,394.0,338.0,445,639.0,483.0,414.0,551,44,13,22,0,1
1535,FL,I,613.0,430.0,399.0,501,790.0,567.0,527.0,653,981,721,510,49,0
1621,ID,IIB,391.0,329.0,292.0,338,499.0,425.0,381.0,436,39,35,35,1,1
2769,NY,IIB,?,407.0,332.0,382,?,495.0,407.0,464,4,26,19,0,1
9630,WI,IIA,541.0,435.0,374.0,439,688.0,562.0,490.0,567,104,108,130,4,0
3522,TN,IIA,477.0,418.0,330.0,407,595.0,524.0,420.0,512,111,78,71,28,0
2210,MA,IIA,572.0,482.0,420.0,526,722.0,611.0,535.0,665,203,61,32,1,0
1725,IL,IIB,443.0,339.0,325.0,381,544.0,412.0,385.0,464,20,12,11,1,1
3388,PA,IIA,726.0,535.0,438.0,536,912.0,698.0,586.0,698,133,143,206,21,0
3320,PA,IIA,676.0,531.0,415.0,526,858.0,696.0,556.0,686,95,72,85,20,0
3687,VT,IIB,416.0,355.0,309.0,342,518.0,448.0,390.0,430,9,11,10,5,1
3247,PA,IIB,493.0,425.0,346.0,377,578.0,508.0,420.0,455,9,22,48,5,1
3459,SD,IIB,410.0,341.0,303.0,329,487.0,409.0,366.0,396,24,13,50,11,1
2007,LA,IIB,375.0,324.0,308.0,338,484.0,427.0,401.0,440,25,13,18,4,1
2336,MN,IIA,490.0,403.0,341.0,419,629.0,520.0,443.0,539,91,40,50,11,1
1814,IN,IIB,519.0,432.0,380.0,397,665.0,548.0,482.0,504,13,21,29,0,1
2379,MN,IIB,512.0,412.0,353.0,418,672.0,523.0,435.0,532,37,44,38,6,1
3564,TX,IIB,377.0,318.0,325.0,329,460.0,409.0,403.0,409,19,9,17,10,1
3863,WI,I,705.0,521.0,426.0,527,884.0,662.0,525.0,662,94,238,151,0,0
3425,SC,I,602.0,441.0,375.0,466,728.0,544.0,465.0,571,296,224,191,42,0
1926,KS,IIA,450.0,381.0,331.0,375,567.0,484.0,425.0,477,103,76,70,4,0
2341,MN,IIB,493.0,404.0,334.0,381,595.0,512.0,405.0,468,18,50,47,8,1
6965,PA,I,721.0,509.0,417.0,522,887.0,642.0,525.0,652,622,449,427,160,0
3296,PA,IIA,514.0,429.0,356.0,412,635.0,524.0,443.0,508,25,41,52,3,1
3142,OH,IIB,407.0,357.0,303.0,335,481.0,430.0,364.0,401,10,18,32,1,1
2718,NY,IIB,497.0,342.0,306.0,359,666.0,449.0,395.0,472,13,24,26,0,1
6883,OH,I,703.0,491.0,415.0,555,846.0,603.0,516.0,676,758,679,443,30,0
2708,NY,IIB,733.0,516.0,395.0,508,943.0,652.0,509.0,654,49,19,56,6,1
3610,TX,IIB,354.0,300.0,257.0,282,425.0,363.0,313.0,343,12,8,8,12,1
1569,GA,I,684.0,517.0,462.0,558,862.0,665.0,594.0,711,235,206,167,17,0
1098,AR,IIB,447.0,375.0,341.0,375,561.0,480.0,435.0,477,55,42,33,25,1
6968,VA,I,777.0,517.0,430.0,610,953.0,653.0,545.0,757,445,277,201,18,0
2993,ND,IIB,415.0,?,313.0,340,519.0,?,399.0,429,9,4,21,3,1
3636,TX,I,654.0,477.0,423.0,511,811.0,599.0,518.0,632,107,109,99,9,0
1866,IA,IIB,411.0,331.0,301.0,345,490.0,401.0,366.0,418,26,11,29,1,1
3695,VT,IIB,364.0,340.0,299.0,325,432.0,407.0,365.0,392,6,20,11,1,1
3266,PA,IIA,453.0,377.0,341.0,365,586.0,489.0,434.0,469,35,54,76,17,1
2957,NC,IIB,427.0,360.0,319.0,350,511.0,437.0,384.0,422,14,21,20,8,1
9345,NJ,IIB,656.0,496.0,393.0,492,790.0,607.0,490.0,603,47,58,65,8,1
3165,OK,IIB,432.0,372.0,317.0,385,527.0,454.0,371.0,466,39,18,15,5,1
3216,OR,I,544.0,437.0,382.0,474,693.0,564.0,498.0,609,205,113,77,16,0
1852,IA,IIB,436.0,361.0,312.0,338,512.0,445.0,379.0,407,11,10,25,8,1
6858,ME,IIB,355.0,261.0,261.0,285,418.0,313.0,313.0,340,8,7,16,0,1
2433,MS,IIB,341.0,280.0,302.0,285,382.0,313.0,337.0,318,11,8,24,18,1
2910,NC,IIB,348.0,316.0,281.0,309,434.0,392.0,350.0,384,8,21,17,0,1
2126,MA,IIB,504.0,402.0,329.0,381,605.0,491.0,405.0,466,17,59,61,2,1
9401,CO,IIB,?,284.0,251.0,255,?,356.0,318.0,323,3,8,13,8,1
3615,TX,IIA,495.0,410.0,328.0,385,619.0,521.0,426.0,492,209,135,204,53,0
3370,PA,IIB,704.0,519.0,417.0,562,868.0,651.0,526.0,699,68,44,47,2,1
3430,SC,IIB,415.0,355.0,330.0,358,515.0,441.0,402.0,442,23,25,15,9,1
1846,IA,IIB,367.0,324.0,286.0,313,473.0,412.0,359.0,398,16,13,28,3,1
1710,IL,I,761.0,536.0,433.0,570,924.0,664.0,536.0,701,164,230,163,6,0
2928,NC,IIA,525.0,437.0,375.0,407,640.0,536.0,460.0,499,27,72,50,4,1
1795,IN,IIA,500.0,415.0,351.0,414,602.0,505.0,415.0,496,57,43,58,4,1
3371,PA,I,736.0,579.0,454.0,606,913.0,724.0,568.0,755,490,332,291,37,0
3256,PA,I,674.0,496.0,459.0,568,843.0,619.0,570.0,709,153,114,73,0,0
2099,MD,IIA,531.0,433.0,388.0,439,692.0,565.0,505.0,573,141,136,169,25,0
2086,MD,IIB,465.0,384.0,311.0,358,563.0,487.0,382.0,448,14,29,34,4,1
2617,NJ,IIA,647.0,521.0,417.0,532,802.0,661.0,541.0,672,155,130,125,9,0
1949,KS,IIA,594.0,438.0,333.0,457,719.0,540.0,416.0,561,76,55,59,11,1
3366,PA,IIB,472.0,392.0,323.0,375,573.0,481.0,403.0,463,20,14,24,8,1
3775,WA,IIA,480.0,406.0,352.0,425,601.0,514.0,451.0,537,181,79,74,14,0
2579,NH,IIB,423.0,329.0,251.0,327,551.0,437.0,313.0,423,20,20,23,2,1
9226,SC,IIB,476.0,394.0,328.0,387,585.0,488.0,410.0,480,64,37,40,25,1
2293,MI,IIB,510.0,446.0,357.0,422,661.0,596.0,473.0,557,32,35,38,7,1
1448,DC,I,656.0,483.0,403.0,481,780.0,591.0,494.0,587,241,282,189,111,0
2038,ME,IIB,738.0,527.0,418.0,554,918.0,651.0,503.0,682,41,40,35,4,1
2722,NY,I,744.0,573.0,444.0,590,945.0,729.0,557.0,748,166,183,140,9,0
3123,OH,I,577.0,448.0,387.0,479,718.0,567.0,497.0,603,278,253,147,39,0
3798,WA,I,683.0,485.0,421.0,555,838.0,606.0,524.0,687,893,472,352,11,0
2590,NH,IIB,494.0,417.0,337.0,426,622.0,532.0,439.0,542,61,46,40,2,1
1854,IA,IIB,516.0,421.0,340.0,436,671.0,541.0,459.0,570,30,21,22,0,1
3895,WI,I,666.0,498.0,439.0,573,831.0,628.0,566.0,721,918,287,360,30,0
3164,OK,IIB,379.0,335.0,282.0,317,467.0,420.0,359.0,399,22,33,42,5,1
3324,PA,IIB,665.0,532.0,428.0,516,839.0,690.0,568.0,670,47,60,58,14,1
2101,MD,IIB,595.0,455.0,377.0,492,721.0,556.0,466.0,600,125,100,67,7,0
3179,OK,IIA,464.0,407.0,348.0,363,558.0,493.0,425.0,440,33,17,61,37,1
3537,TX,IIA,424.0,375.0,339.0,376,555.0,491.0,418.0,494,68,42,36,14,1
1940,KS,IIB,340.0,318.0,278.0,311,415.0,388.0,341.0,380,16,10,10,3,1
2791,NY,IIA,685.0,513.0,436.0,576,851.0,643.0,556.0,720,187,124,77,3,0
2779,NY,IIB,513.0,428.0,343.0,430,634.0,533.0,425.0,532,37,33,35,0,1
3639,TX,IIA,467.0,393.0,348.0,386,589.0,502.0,450.0,494,72,51,41,12,1
3856,WI,IIB,570.0,425.0,364.0,462,691.0,521.0,439.0,561,42,28,31,3,1
3411,RI,IIA,495.0,397.0,327.0,385,620.0,496.0,406.0,481,29,43,37,14,1
2994,ND,IIA,457.0,383.0,331.0,347,563.0,477.0,416.0,436,34,41,68,16,1
3896,WI,I,604.0,465.0,421.0,495,761.0,598.0,544.0,632,267,306,192,2,0
1617,ID,IIB,424.0,338.0,266.0,336,540.0,430.0,338.0,428,16,20,19,1,1
3530,TN,I,600.0,454.0,402.0,501,756.0,570.0,500.0,630,535,325,202,65,0
3109,OH,IIB,541.0,395.0,354.0,453,726.0,584.0,500.0,626,67,25,42,2,1
2894,NY,I,747.0,520.0,434.0,611,895.0,626.0,520.0,733,252,130,110,7,0
3385,PA,IIB,528.0,419.0,354.0,434,686.0,547.0,458.0,563,32,28,29,2,1
3720,VA,IIA,465.0,392.0,317.0,395,567.0,484.0,396.0,486,49,36,37,3,1
2105,MD,I,638.0,455.0,395.0,464,783.0,571.0,491.0,577,87,119,104,32,0
3765,VA,IIA,492.0,429.0,355.0,406,618.0,545.0,456.0,516,83,88,92,30,0
9930,TX,IIB,457.0,393.0,348.0,384,576.0,501.0,449.0,491,21,18,26,6,1
3724,VA,IIA,524.0,418.0,369.0,448,616.0,493.0,434.0,528,48,30,34,0,1
1847,IA,IIB,484.0,416.0,339.0,382,606.0,522.0,440.0,486,20,12,30,10,1
1085,AR,IIB,453.0,363.0,330.0,349,561.0,448.0,402.0,428,23,24,48,22,1
1599,GA,IIA,477.0,386.0,344.0,390,603.0,496.0,445.0,500,88,90,114,19,0
1443,DC,IIA,623.0,480.0,399.0,482,814.0,638.0,534.0,637,86,67,70,35,0
2140,MA,IIB,431.0,353.0,305.0,342,524.0,429.0,371.0,415,10,18,19,5,1
2077,MD,I,798.0,542.0,435.0,593,972.0,677.0,551.0,734,330,110,160,52,0
1341,CA,IIB,489.0,408.0,339.0,415,616.0,524.0,429.0,526,30,19,22,3,1
3911,WI,IIB,448.0,366.0,316.0,344,553.0,441.0,395.0,423,10,23,28,10,1
1428,DE,IIA,545.0,435.0,359.0,379,716.0,583.0,491.0,515,29,47,61,34,1
1834,IN,IIB,324.0,264.0,235.0,265,426.0,350.0,316.0,353,6,6,9,2,1
2523,MO,IIB,451.0,390.0,298.0,381,549.0,481.0,361.0,465,17,17,12,4,1
1977,KY,IIA,462.0,396.0,342.0,383,601.0,520.0,451.0,503,95,101,101,7,0
1844,IN,IIB,612.0,474.0,371.0,501,770.0,602.0,482.0,637,31,22,20,1,1
3830,WV,IIB,441.0,383.0,339.0,383,572.0,494.0,434.0,495,25,22,24,3,1
3713,VA,IIB,529.0,397.0,338.0,417,631.0,481.0,419.0,502,28,28,13,0,1
3954,FL,IIA,560.0,420.0,369.0,435,698.0,527.0,465.0,545,176,207,162,42,0
