Abbrev,Rep,Locality,Map_Ref,Latitude,Altitude,Rainfall,Frosts,Year,Sp,PMCno,DBH,Ht,Surv,Vig,Ins_res,Stem_Fm,Crown_Fm,Brnch_Fm,binaryClass
Cly,2,Northern_Hawkes_Bay,N116_848/985,39__00,200,1400,-2,1980,co,1520.0,25.92,12.12,?,3.3,3.0,4.0,3.5,3.5,1
Wai,3,Central_Hawkes_Bay_(coastal),N142_377/957,39__50,70,1000,-2,1981,sm,1340.0,8.8,6.3,100.0,2.0,2.0,1.0,2.0,2.0,0
K81,2,Central_Wairarapa,N158_344/626,40__57,180,1080,-3,1981,rd,1524.0,2.57,3.08,75.0,2.0,2.0,2.0,4.0,3.0,0
Wak,2,South_Wairarapa,N162_081/300,41__12,160,1000,-3,1981,re,2430.0,13.0,10.4,4.0,3.0,3.5,2.5,2.0,4.0,0
Nga,1,Southern_Hawkes_Bay,N145_874/586,40__11,130,1000,-3,1980,mn,1362.0,4.7,5.5,20.0,1.0,1.5,2.0,3.0,3.0,0
K81,3,Central_Wairarapa,N158_344/626,40__57,180,1080,-3,1981,re,1787.0,3.77,4.88,88.0,4.0,3.5,4.0,4.0,4.0,0
Cly,1,Northern_Hawkes_Bay,N116_848/985,39__00,200,1400,-2,1980,ni,2088.0,33.41,8.35,?,4.0,2.8,2.5,1.5,1.5,0
Cly,1,Northern_Hawkes_Bay,N116_848/985,39__00,200,1400,-2,1980,nd,1596.0,25.99,9.6,?,4.0,4.0,3.0,4.0,2.7,0
Paw,3,Southern_Hawkes_Bay_(coastal),N146_273/737,40__00,150,1300,-2,1983,nd,2569.0,31.33,10.2,10.0,3.5,4.0,3.0,4.0,3.0,0
Lon,1,South_Wairarapa,N162_097/424,41__08,220,1050,-2,1983,nd,2569.0,18.44,8.74,100.0,3.5,3.5,2.8,4.0,2.8,1
Lon,2,South_Wairarapa,N162_097/424,41__08,220,1050,-2,1983,ni,2568.0,20.29,9.27,88.0,2.0,2.5,3.0,3.0,2.0,0
Mor,1,Central_Hawkes_Bay,N141_295/063,39__43,150,900,-2,1986,co,2562.0,40.44,17.06,?,?,?,?,?,?,0
Paw,3,Southern_Hawkes_Bay_(coastal),N146_273/737,40__00,150,1300,-2,1983,ov,2571.0,41.87,15.25,30.0,4.2,2.8,2.6,3.3,2.2,1
K83,3,Central_Wairarapa,N158_344/626,40__57,180,1080,-3,1983,cr,1252.0,5.86,5.61,50.0,3.0,4.0,2.5,2.5,3.0,0
Wak,2,South_Wairarapa,N162_081/300,41__12,160,1000,-3,1981,ob,1337.0,17.1,12.1,5.0,3.0,3.5,3.0,3.0,4.0,0
Wai,2,Central_Hawkes_Bay_(coastal),N142_377/957,39__50,70,1000,-2,1981,br,1113.0,10.4,9.4,88.0,2.0,1.7,4.0,4.0,4.0,0
WSp,3,Southern_Hawkes_Bay,N151_912/221,40__36,150,1250,-3,1983,ni,2547.0,25.4,18.75,13.0,3.7,2.7,2.0,2.5,2.3,0
Cra,3,Central_Hawkes_Bay,N135_382/137,39__38,100,850,-2,1980,ob,1522.0,16.13,9.95,50.0,4.3,4.5,3.3,3.5,3.0,1
WSp,3,Southern_Hawkes_Bay,N151_912/221,40__36,150,1250,-3,1983,ni,2568.0,47.73,18.55,13.0,3.5,2.7,2.0,2.0,2.0,1
WSp,2,Southern_Hawkes_Bay,N151_912/221,40__36,150,1250,-3,1983,rd,2575.0,3.62,6.03,25.0,1.0,3.0,2.5,2.5,3.0,0
Mor,1,Central_Hawkes_Bay,N141_295/063,39__43,150,900,-2,1986,te,3274.0,26.87,10.08,?,?,?,?,?,?,0
Puk,2,South_Wairarapa,N166_063/197,41__16,300,1200,-3,1982,re,1352.0,11.93,11.0,100.0,3.5,3.0,4.0,4.0,3.5,1
Puk,3,South_Wairarapa,N166_063/197,41__16,300,1200,-3,1982,nd,2569.0,13.73,7.6,75.0,2.5,2.0,3.0,3.0,3.0,0
Paw,3,Southern_Hawkes_Bay_(coastal),N146_273/737,40__00,150,1300,-2,1983,fa,2548.0,26.51,7.66,10.0,2.5,3.0,3.0,3.0,3.0,0
Wai,3,Central_Hawkes_Bay_(coastal),N142_377/957,39__50,70,1000,-2,1981,re,1787.0,21.8,13.8,100.0,5.0,3.0,3.0,3.0,2.0,0
Cra,1,Central_Hawkes_Bay,N135_382/137,39__38,100,850,-2,1980,ni,2088.0,14.5,10.78,90.0,4.0,2.7,3.3,3.0,3.0,1
Wak,2,South_Wairarapa,N162_081/300,41__12,160,1000,-3,1981,fr,2447.0,13.9,11.1,5.0,3.0,3.0,2.5,2.0,3.0,0
K81,2,Central_Wairarapa,N158_344/626,40__57,180,1080,-3,1981,ob,1337.0,8.63,8.21,100.0,4.0,3.0,3.5,3.5,3.5,1
K81,1,Central_Wairarapa,N158_344/626,40__57,180,1080,-3,1981,ka,1171.0,6.16,4.3,40.0,3.0,2.0,1.0,1.0,1.0,0
K81,2,Central_Wairarapa,N158_344/626,40__57,180,1080,-3,1981,fr,1786.0,17.74,9.99,100.0,5.0,3.0,3.0,2.5,2.0,0
Mor,3,Central_Hawkes_Bay,N141_295/063,39__43,150,900,-2,1986,nd,1596.0,30.15,13.73,?,?,?,?,?,?,0
Wai,2,Central_Hawkes_Bay_(coastal),N142_377/957,39__50,70,1000,-2,1981,br,1112.0,11.9,9.7,100.0,2.3,1.8,3.0,3.5,3.2,0
K81,2,Central_Wairarapa,N158_344/626,40__57,180,1080,-3,1981,ob,2469.0,9.88,8.94,88.0,4.0,3.0,3.5,3.5,3.5,1
Puk,2,South_Wairarapa,N166_063/197,41__16,300,1200,-3,1982,br,2620.0,7.3,5.91,100.0,2.0,2.0,3.0,4.0,4.0,0
Puk,3,South_Wairarapa,N166_063/197,41__16,300,1200,-3,1982,fa,2426.0,21.93,9.84,100.0,4.0,3.0,3.5,3.0,2.0,1
K81,2,Central_Wairarapa,N158_344/626,40__57,180,1080,-3,1981,br,1112.0,11.43,7.83,88.0,3.0,2.0,3.5,4.0,4.0,0
Puk,1,South_Wairarapa,N166_063/197,41__16,300,1200,-3,1982,nd,2569.0,12.5,6.62,100.0,3.0,3.0,3.0,3.0,3.0,1
WSh,1,Southern_Hawkes_Bay,N151_922/226,40__36,100,1250,-2,1983,fa,2548.0,41.63,12.64,28.0,4.2,3.2,2.3,1.9,1.7,0
Mor,1,Central_Hawkes_Bay,N141_295/063,39__43,150,900,-2,1986,am,3268.0,18.01,3.26,?,?,?,?,?,?,0
Wak,3,South_Wairarapa,N162_081/300,41__12,160,1000,-3,1981,fr,1786.0,11.9,9.6,88.0,4.0,3.0,2.5,2.5,2.5,1
Cly,2,Northern_Hawkes_Bay,N116_848/985,39__00,200,1400,-2,1980,ob,1522.0,39.72,13.82,?,5.0,4.0,3.3,3.0,2.0,0
WSp,1,Southern_Hawkes_Bay,N151_912/221,40__36,150,1250,-3,1983,re,2553.0,25.57,17.43,50.0,3.7,3.0,2.7,3.0,2.0,0
Cly,2,Northern_Hawkes_Bay,N116_848/985,39__00,200,1400,-2,1980,nd,1596.0,24.42,10.47,?,4.5,4.0,4.3,3.7,3.3,0
Wak,3,South_Wairarapa,N162_081/300,41__12,160,1000,-3,1981,el,1338.0,9.4,8.5,38.0,3.0,3.0,2.0,1.5,1.0,0
Lon,2,South_Wairarapa,N162_097/424,41__08,220,1050,-2,1983,pa,2750.0,14.5,8.17,88.0,1.0,3.0,3.0,3.0,3.0,0
K81a,1,Central_Wairarapa,N158_344/626,40__57,180,1080,-3,1981,re,2553.0,14.69,9.68,21.0,3.0,3.0,3.3,3.5,3.3,0
K81a,1,Central_Wairarapa,N158_344/626,40__57,180,1080,-3,1981,fa,2426.0,8.3,5.93,4.0,2.0,3.5,3.0,3.0,3.0,0
K81a,1,Central_Wairarapa,N158_344/626,40__57,180,1080,-3,1981,bxs,1111.0,2.84,3.41,3.0,1.0,2.0,3.0,3.0,3.0,0
K81,3,Central_Wairarapa,N158_344/626,40__57,180,1080,-3,1981,re,2431.0,3.35,5.16,100.0,3.0,3.0,4.5,4.0,4.0,1
Wak,2,South_Wairarapa,N162_081/300,41__12,160,1000,-3,1981,el,1338.0,7.3,5.6,3.5,3.0,2.5,2.5,2.5,1.5,0
Puk,3,South_Wairarapa,N166_063/197,41__16,300,1200,-3,1982,el,2638.0,12.24,5.83,25.0,2.0,3.0,3.0,3.0,3.0,0
K82,1,Central_Wairarapa,N158_343/625,40__57,180,1080,-3,1982,fa,1482.0,19.66,12.21,100.0,4.5,4.0,4.0,3.0,2.7,1
Paw,1,Southern_Hawkes_Bay_(coastal),N146_273/737,40__00,150,1300,-2,1983,co,2562.0,29.22,13.58,30.0,3.6,3.8,3.5,3.9,3.7,1
WSp,2,Southern_Hawkes_Bay,N151_912/221,40__36,150,1250,-3,1983,fa,2548.0,22.6,12.61,63.0,3.5,3.0,2.0,2.0,1.5,0
Nga,1,Southern_Hawkes_Bay,N145_874/586,40__11,130,1000,-3,1980,rd,1524.0,5.4,4.5,20.0,1.0,2.0,3.0,3.0,3.0,0
Wai,3,Central_Hawkes_Bay_(coastal),N142_377/957,39__50,70,1000,-2,1981,pu,1598.0,14.0,10.3,100.0,3.5,4.0,2.0,3.0,2.0,0
Wak,2,South_Wairarapa,N162_081/300,41__12,160,1000,-3,1981,si,2435.0,15.0,13.0,2.5,3.0,4.0,4.0,4.0,2.0,0
K81a,3,Central_Wairarapa,N158_344/626,40__57,180,1080,-3,1981,re,2574.0,12.41,9.68,67.0,4.0,4.0,3.5,4.0,3.0,1
K83,2,Central_Wairarapa,N158_344/626,40__57,180,1080,-3,1983,ov,2571.0,8.83,7.91,63.0,3.5,2.5,3.5,4.0,4.0,1
K82,2,Central_Wairarapa,N158_343/625,40__57,180,1080,-3,1982,fa,2548.0,5.5,4.89,25.0,1.5,3.0,3.0,3.0,3.0,0
Nga,2,Southern_Hawkes_Bay,N145_874/586,40__11,130,1000,-3,1980,ov,1521.0,13.5,7.7,30.0,3.0,2.0,3.3,4.0,3.5,1
Wak,1,South_Wairarapa,N162_081/300,41__12,160,1000,-3,1981,bxs,1111.0,15.0,8.4,88.0,3.0,3.0,3.0,3.0,2.0,0
Wai,1,Central_Hawkes_Bay_(coastal),N142_377/957,39__50,70,1000,-2,1981,el,1338.0,15.8,10.0,38.0,3.5,3.5,3.3,3.5,3.0,0
K83,1,Central_Wairarapa,N158_344/626,40__57,180,1080,-3,1983,fa,2548.0,2.95,4.43,13.0,1.0,2.0,3.0,3.0,3.0,0
Lon,2,South_Wairarapa,N162_097/424,41__08,220,1050,-2,1983,nd,2569.0,20.86,9.89,25.0,1.5,3.0,3.0,3.0,3.0,0
Lon,3,South_Wairarapa,N162_097/424,41__08,220,1050,-2,1983,fr,2552.0,14.25,7.23,63.0,4.0,3.0,3.0,2.8,2.0,0
Lon,1,South_Wairarapa,N162_097/424,41__08,220,1050,-2,1983,pa,2750.0,12.8,7.25,50.0,2.3,4.5,2.5,3.0,3.0,0
K81,2,Central_Wairarapa,N158_344/626,40__57,180,1080,-3,1981,ag,1094.0,1.03,2.17,13.0,2.0,2.0,2.0,2.0,2.0,0
Wai,3,Central_Hawkes_Bay_(coastal),N142_377/957,39__50,70,1000,-2,1981,ob,1337.0,24.5,13.5,75.0,5.0,3.0,4.0,4.0,2.5,0
K82,1,Central_Wairarapa,N158_343/625,40__57,180,1080,-3,1982,ka,2631.0,6.97,5.23,25.0,2.0,3.0,2.5,2.0,3.0,0
WSp,3,Southern_Hawkes_Bay,N151_912/221,40__36,150,1250,-3,1983,co,2562.0,14.87,15.56,38.0,3.5,3.5,3.3,3.3,3.0,1
Wai,1,Central_Hawkes_Bay_(coastal),N142_377/957,39__50,70,1000,-2,1981,rd,1524.0,12.2,13.8,50.0,2.0,1.5,3.0,3.0,3.0,0
Wak,2,South_Wairarapa,N162_081/300,41__12,160,1000,-3,1981,sm,1340.0,7.7,6.1,2.0,2.0,2.0,2.0,3.0,0.5,0
Mor,3,Central_Hawkes_Bay,N141_295/063,39__43,150,900,-2,1986,am,2460.0,24.16,11.03,?,?,?,?,?,?,0
Lon,2,South_Wairarapa,N162_097/424,41__08,220,1050,-2,1983,co,2562.0,17.62,9.9,88.0,3.3,3.3,3.0,3.5,3.3,1
Puk,3,South_Wairarapa,N166_063/197,41__16,300,1200,-3,1982,bxs,1111.0,11.9,7.2,100.0,3.0,2.0,3.0,3.0,3.0,0
Paw,2,Southern_Hawkes_Bay_(coastal),N146_273/737,40__00,150,1300,-2,1983,pu,2573.0,8.72,10.17,10.0,1.5,4.0,4.0,4.0,4.0,0
Mor,2,Central_Hawkes_Bay,N141_295/063,39__43,150,900,-2,1986,te,1609.0,21.89,8.21,?,?,?,?,?,?,0
Mor,3,Central_Hawkes_Bay,N141_295/063,39__43,150,900,-2,1986,nd,3270.0,29.29,13.33,?,?,?,?,?,?,0
Wak,1,South_Wairarapa,N162_081/300,41__12,160,1000,-3,1981,ob,2469.0,13.4,12.3,88.0,4.0,3.0,3.5,3.0,2.5,0
Mor,2,Central_Hawkes_Bay,N141_295/063,39__43,150,900,-2,1986,pu,3273.0,24.72,10.58,?,?,?,?,?,?,0
Paw,2,Southern_Hawkes_Bay_(coastal),N146_273/737,40__00,150,1300,-2,1983,re,2553.0,39.69,18.25,30.0,3.9,3.8,4.2,4.1,3.6,0
Mor,2,Central_Hawkes_Bay,N141_295/063,39__43,150,900,-2,1986,nd,3271.0,23.46,10.68,?,?,?,?,?,?,0
Puk,2,South_Wairarapa,N166_063/197,41__16,300,1200,-3,1982,ov,2571.0,8.98,4.08,75.0,4.0,2.0,2.0,2.0,2.0,0
K82,1,Central_Wairarapa,N158_343/625,40__57,180,1080,-3,1982,nd,2634.0,6.6,8.1,50.0,2.8,4.0,3.0,4.0,3.5,0
Cly,3,Northern_Hawkes_Bay,N116_848/985,39__00,200,1400,-2,1980,rd,1524.0,22.72,11.52,?,3.0,2.5,3.5,3.5,2.8,1
Wai,2,Central_Hawkes_Bay_(coastal),N142_377/957,39__50,70,1000,-2,1981,fr,1339.0,33.8,16.0,50.0,5.0,3.0,2.0,2.0,0.5,1
Lon,2,South_Wairarapa,N162_097/424,41__08,220,1050,-2,1983,fa,1482.0,21.8,8.52,100.0,2.0,3.0,3.0,3.0,3.0,0
Cra,2,Central_Hawkes_Bay,N135_382/137,39__38,100,850,-2,1980,pu,1523.0,18.71,10.9,100.0,4.0,4.0,3.3,4.0,3.0,0
Wai,2,Central_Hawkes_Bay_(coastal),N142_377/957,39__50,70,1000,-2,1981,fr,2447.0,20.8,12.6,63.0,4.0,3.0,3.3,3.5,3.5,1
Cly,3,Northern_Hawkes_Bay,N116_848/985,39__00,200,1400,-2,1980,co,1520.0,13.99,5.59,?,2.0,4.0,3.0,4.0,3.0,0
K81a,1,Central_Wairarapa,N158_344/626,40__57,180,1080,-3,1981,nd,2634.0,5.43,4.44,9.0,1.0,2.0,2.0,3.0,3.0,0
K82,2,Central_Wairarapa,N158_343/625,40__57,180,1080,-3,1982,nd,2634.0,10.97,9.97,75.0,3.5,3.0,3.2,4.0,3.0,1
WSp,3,Southern_Hawkes_Bay,N151_912/221,40__36,150,1250,-3,1983,fr,2552.0,15.05,9.05,25.0,4.0,4.0,2.0,1.5,1.0,0
K82,1,Central_Wairarapa,N158_343/625,40__57,180,1080,-3,1982,br,2620.0,2.29,3.2,50.0,1.0,1.0,3.0,3.0,3.0,0
Cly,2,Northern_Hawkes_Bay,N116_848/985,39__00,200,1400,-2,1980,pu,1523.0,31.72,9.96,?,4.5,4.0,3.5,3.5,3.0,0
Wak,2,South_Wairarapa,N162_081/300,41__12,160,1000,-3,1981,ov,1785.0,5.5,3.4,2.0,1.0,3.0,2.5,3.0,1.0,0
Wai,3,Central_Hawkes_Bay_(coastal),N142_377/957,39__50,70,1000,-2,1981,fr,2447.0,21.4,12.7,75.0,4.6,4.0,3.0,3.0,3.0,0
K82,1,Central_Wairarapa,N158_343/625,40__57,180,1080,-3,1982,bxs,1111.0,6.02,3.63,38.0,2.5,3.0,3.0,3.0,3.0,0
Wak,1,South_Wairarapa,N162_081/300,41__12,160,1000,-3,1981,ka,1171.0,8.6,8.9,100.0,3.0,2.5,2.8,3.0,2.8,0
Wak,3,South_Wairarapa,N162_081/300,41__12,160,1000,-3,1981,ka,1171.0,3.5,2.9,75.0,1.0,1.0,3.0,3.0,3.0,0
Puk,3,South_Wairarapa,N166_063/197,41__16,300,1200,-3,1982,br,2621.0,5.1,2.66,75.0,3.0,2.0,2.0,2.0,3.0,0
Wai,3,Central_Hawkes_Bay_(coastal),N142_377/957,39__50,70,1000,-2,1981,ag,1094.0,13.5,4.0,13.0,0.5,0.0,1.0,1.0,1.0,0
Puk,1,South_Wairarapa,N166_063/197,41__16,300,1200,-3,1982,ov,1788.0,6.76,6.76,75.0,1.0,1.0,3.0,3.0,3.0,0
Wai,1,Central_Hawkes_Bay_(coastal),N142_377/957,39__50,70,1000,-2,1981,re,2428.0,22.6,13.4,100.0,5.0,3.0,2.3,2.7,2.0,0
Wai,2,Central_Hawkes_Bay_(coastal),N142_377/957,39__50,70,1000,-2,1981,bxs,1111.0,16.4,13.3,100.0,4.5,3.0,3.3,3.3,2.7,1
Puk,1,South_Wairarapa,N166_063/197,41__16,300,1200,-3,1982,rd,2575.0,9.84,5.67,100.0,1.5,1.5,2.0,2.0,2.0,0
Mor,3,Central_Hawkes_Bay,N141_295/063,39__43,150,900,-2,1986,am,3269.0,25.34,11.57,?,?,?,?,?,?,0
Wak,3,South_Wairarapa,N162_081/300,41__12,160,1000,-3,1981,fr,2447.0,6.9,7.3,88.0,3.5,3.0,3.0,3.5,3.0,1
Nga,1,Southern_Hawkes_Bay,N145_874/586,40__11,130,1000,-3,1980,co,1520.0,10.1,8.2,60.0,3.0,4.0,3.5,3.5,3.2,0
Wai,3,Central_Hawkes_Bay_(coastal),N142_377/957,39__50,70,1000,-2,1981,jo,1595.0,7.8,5.3,50.0,1.0,1.5,4.0,4.0,4.0,0
K83,1,Central_Wairarapa,N158_344/626,40__57,180,1080,-3,1983,pu,2573.0,5.19,4.44,13.0,1.5,2.5,3.0,3.0,3.0,0
Lon,3,South_Wairarapa,N162_097/424,41__08,220,1050,-2,1983,am,1592.0,19.34,8.3,100.0,3.5,3.5,2.5,3.5,2.5,1
K81a,3,Central_Wairarapa,N158_344/626,40__57,180,1080,-3,1981,re,2553.0,11.96,9.91,33.0,4.0,4.0,4.0,4.0,4.0,1
K81,2,Central_Wairarapa,N158_344/626,40__57,180,1080,-3,1981,fr,1339.0,12.49,10.12,63.0,4.5,3.0,3.5,3.5,3.5,0
K83,3,Central_Wairarapa,N158_344/626,40__57,180,1080,-3,1983,ni,2568.0,9.13,7.02,13.0,2.8,2.5,3.0,3.0,2.5,0
Paw,2,Southern_Hawkes_Bay_(coastal),N146_273/737,40__00,150,1300,-2,1983,ov,1788.0,32.86,13.86,30.0,2.8,2.0,3.1,3.1,2.3,1
Nga,3,Southern_Hawkes_Bay,N145_874/586,40__11,130,1000,-3,1980,ov,1521.0,16.2,10.2,60.0,4.0,2.3,3.0,3.3,3.0,0
Lon,1,South_Wairarapa,N162_097/424,41__08,220,1050,-2,1983,ob,1522.0,15.73,7.8,88.0,3.5,2.8,3.0,3.5,3.5,0
Wai,2,Central_Hawkes_Bay_(coastal),N142_377/957,39__50,70,1000,-2,1981,re,1787.0,19.6,16.6,100.0,5.0,3.0,4.0,4.0,3.0,0
Wen,1,Central_Poverty_Bay,N98_539/567,82__32,150,1750,-2,1986,co,?,30.93,13.05,?,?,?,?,?,?,0
K83,1,Central_Wairarapa,N158_344/626,40__57,180,1080,-3,1983,ov,1788.0,5.35,5.9,25.0,2.0,1.8,2.0,2.5,3.0,0
Wak,1,South_Wairarapa,N162_081/300,41__12,160,1000,-3,1981,pu,1598.0,10.8,10.0,75.0,3.0,4.0,3.0,4.0,3.0,1
K81,3,Central_Wairarapa,N158_344/626,40__57,180,1080,-3,1981,rd,1524.0,4.49,4.49,88.0,2.3,2.0,2.5,4.0,3.0,0
K81a,3,Central_Wairarapa,N158_344/626,40__57,180,1080,-3,1981,fa,2426.0,17.42,9.01,45.0,4.5,4.5,3.0,2.0,1.5,0
K81,2,Central_Wairarapa,N158_344/626,40__57,180,1080,-3,1981,jo,1595.0,2.8,2.92,75.0,2.5,1.8,3.2,3.5,3.5,0
K81,2,Central_Wairarapa,N158_344/626,40__57,180,1080,-3,1981,ka,1171.0,2.79,2.9,75.0,2.0,2.0,2.0,2.0,3.0,0
Cly,3,Northern_Hawkes_Bay,N116_848/985,39__00,200,1400,-2,1980,fr,1487.0,3.072,9.93,?,3.0,4.0,2.0,2.0,1.0,1
Puk,2,South_Wairarapa,N166_063/197,41__16,300,1200,-3,1982,ob,2570.0,10.16,7.74,100.0,3.0,3.0,4.0,4.0,4.0,1
K81,3,Central_Wairarapa,N158_344/626,40__57,180,1080,-3,1981,ov,1785.0,3.2,3.56,88.0,1.5,1.8,2.5,3.3,3.5,0
WSp,2,Southern_Hawkes_Bay,N151_912/221,40__36,150,1250,-3,1983,am,2560.0,17.35,16.11,38.0,3.0,3.0,2.5,3.5,2.5,1
Cra,1,Central_Hawkes_Bay,N135_382/137,39__38,100,850,-2,1980,fr,1487.0,13.15,9.65,90.0,4.5,4.0,3.5,3.5,3.0,0
Puk,3,South_Wairarapa,N166_063/197,41__16,300,1200,-3,1982,rd,2575.0,9.63,5.11,50.0,1.0,0.5,2.0,2.0,2.0,0
Wak,2,South_Wairarapa,N162_081/300,41__12,160,1000,-3,1981,fr,1786.0,15.6,12.1,4.0,3.0,3.5,3.0,2.0,3.0,0
Lon,3,South_Wairarapa,N162_097/424,41__08,220,1050,-2,1983,ob,2570.0,18.3,9.06,50.0,3.5,3.0,2.5,3.0,2.5,0
WSp,1,Southern_Hawkes_Bay,N151_912/221,40__36,150,1250,-3,1983,cr,1252.0,17.36,15.64,50.0,3.5,3.5,2.5,2.5,2.5,0
Puk,3,South_Wairarapa,N166_063/197,41__16,300,1200,-3,1982,am,2560.0,16.04,8.66,100.0,3.0,4.0,4.0,4.0,4.0,1
Cra,3,Central_Hawkes_Bay,N135_382/137,39__38,100,850,-2,1980,ov,1521.0,8.78,5.79,50.0,2.5,2.0,3.2,3.3,3.0,0
Puk,3,South_Wairarapa,N166_063/197,41__16,300,1200,-3,1982,ka,2631.0,5.75,4.26,75.0,2.0,3.0,2.0,2.0,2.0,0
Wak,3,South_Wairarapa,N162_081/300,41__12,160,1000,-3,1981,ob,2469.0,5.7,5.6,100.0,3.0,2.5,4.0,5.0,4.0,1
K81a,3,Central_Wairarapa,N158_344/626,40__57,180,1080,-3,1981,re,2550.0,15.37,10.82,13.0,3.0,2.7,3.5,3.5,3.0,0
K81a,3,Central_Wairarapa,N158_344/626,40__57,180,1080,-3,1981,am,1592.0,14.22,11.45,35.0,3.0,3.0,3.0,4.0,3.0,1
K81,3,Central_Wairarapa,N158_344/626,40__57,180,1080,-3,1981,fa,1978.0,16.54,9.93,100.0,5.0,3.3,3.3,2.5,2.0,0
Puk,2,South_Wairarapa,N166_063/197,41__16,300,1200,-3,1982,sm,1340.0,1.56,2.16,50.0,1.0,2.0,2.0,2.0,3.0,0
Puk,1,South_Wairarapa,N166_063/197,41__16,300,1200,-3,1982,fa,2426.0,11.85,7.47,50.0,3.0,3.0,4.0,3.0,3.0,0
Cly,1,Northern_Hawkes_Bay,N116_848/985,39__00,200,1400,-2,1980,fr,1487.0,27.98,8.64,?,2.3,4.0,2.0,2.0,2.0,0
Mor,2,Central_Hawkes_Bay,N141_295/063,39__43,150,900,-2,1986,nd,1596.0,32.88,14.98,?,?,?,?,?,?,0
Paw,1,Southern_Hawkes_Bay_(coastal),N146_273/737,40__00,150,1300,-2,1983,am,2560.0,24.94,14.33,10.0,3.0,4.0,3.5,4.0,3.0,1
Mor,2,Central_Hawkes_Bay,N141_295/063,39__43,150,900,-2,1986,ra,1825.0,17.5,7.99,?,?,?,?,?,?,0
Wak,2,South_Wairarapa,N162_081/300,41__12,160,1000,-3,1981,rd,1524.0,6.8,5.6,2.0,2.0,2.0,3.0,3.0,0.0,0
Paw,2,Southern_Hawkes_Bay_(coastal),N146_273/737,40__00,150,1300,-2,1983,cr,1252.0,27.13,11.88,90.0,3.3,3.7,2.1,2.1,2.0,0
Wai,2,Central_Hawkes_Bay_(coastal),N142_377/957,39__50,70,1000,-2,1981,nd,1596.0,12.6,8.0,37.0,2.5,3.5,4.0,4.0,4.0,0
K81,3,Central_Wairarapa,N158_344/626,40__57,180,1080,-3,1981,br,1112.0,7.83,6.68,100.0,3.0,1.8,3.5,4.0,4.0,1
K83,2,Central_Wairarapa,N158_344/626,40__57,180,1080,-3,1983,ni,2568.0,11.66,8.57,75.0,3.0,2.5,2.5,2.5,2.5,0
K81,3,Central_Wairarapa,N158_344/626,40__57,180,1080,-3,1981,el,1338.0,7.28,7.45,63.0,4.0,3.0,3.3,3.3,3.0,1
Wai,3,Central_Hawkes_Bay_(coastal),N142_377/957,39__50,70,1000,-2,1981,fa,1978.0,26.6,13.5,75.0,5.0,3.0,2.5,2.0,1.0,1
Wai,1,Central_Hawkes_Bay_(coastal),N142_377/957,39__50,70,1000,-2,1981,sm,1340.0,9.3,4.3,63.0,1.0,1.2,1.0,1.0,1.0,0
WSp,1,Southern_Hawkes_Bay,N151_912/221,40__36,150,1250,-3,1983,ob,2570.0,17.59,12.2,50.0,3.0,2.7,3.0,3.5,2.7,0
Cra,1,Central_Hawkes_Bay,N135_382/137,39__38,100,850,-2,1980,pu,1523.0,19.05,11.26,100.0,5.0,4.5,3.5,4.0,2.0,0
Mor,2,Central_Hawkes_Bay,N141_295/063,39__43,150,900,-2,1986,pu,2573.0,27.66,11.83,?,?,?,?,?,?,0
Paw,2,Southern_Hawkes_Bay_(coastal),N146_273/737,40__00,150,1300,-2,1983,ob,1522.0,52.26,15.45,10.0,5.0,4.5,2.5,2.0,2.5,1
K81,1,Central_Wairarapa,N158_344/626,40__57,180,1080,-3,1981,nc,1780.0,6.24,4.85,25.0,2.5,4.0,3.0,3.0,3.0,0
K81a,3,Central_Wairarapa,N158_344/626,40__57,180,1080,-3,1981,ov,2622.0,11.07,8.95,70.0,3.0,2.0,2.5,4.0,3.0,1
WSp,2,Southern_Hawkes_Bay,N151_912/221,40__36,150,1250,-3,1983,ob,2458.0,18.88,10.53,63.0,3.5,3.0,2.0,2.0,1.5,0
Wai,3,Central_Hawkes_Bay_(coastal),N142_377/957,39__50,70,1000,-2,1981,br,1113.0,9.6,7.0,100.0,2.6,2.0,3.0,3.0,3.0,0
Wen,1,Central_Poverty_Bay,N98_539/567,82__32,150,1750,-2,1986,pu,?,38.51,16.46,?,?,?,?,?,?,0
Paw,2,Southern_Hawkes_Bay_(coastal),N146_273/737,40__00,150,1300,-2,1983,fa,2548.0,49.34,16.85,10.0,5.0,4.5,3.5,3.5,3.0,0
K81a,3,Central_Wairarapa,N158_344/626,40__57,180,1080,-3,1981,nd,2634.0,11.84,9.13,18.0,2.5,3.5,2.5,3.5,3.0,0
K82,2,Central_Wairarapa,N158_343/625,40__57,180,1080,-3,1982,am,2560.0,4.39,5.19,50.0,2.5,3.5,3.0,4.5,4.0,0
Puk,1,South_Wairarapa,N166_063/197,41__16,300,1200,-3,1982,ov,1259.0,13.99,9.09,100.0,4.0,2.0,2.0,2.0,2.0,0
Nga,3,Southern_Hawkes_Bay,N145_874/586,40__11,130,1000,-3,1980,fr,1487.0,37.6,13.0,10.0,5.0,4.0,2.0,2.0,1.0,1
Mor,3,Central_Hawkes_Bay,N141_295/063,39__43,150,900,-2,1986,ra,1825.0,19.63,8.97,?,?,?,?,?,?,0
K82,3,Central_Wairarapa,N158_343/625,40__57,180,1080,-3,1982,el,2638.0,0.58,1.75,25.0,1.5,3.0,3.0,3.0,3.0,0
Paw,1,Southern_Hawkes_Bay_(coastal),N146_273/737,40__00,150,1300,-2,1983,fa,2548.0,35.54,13.02,20.0,3.2,3.5,2.5,2.5,2.3,1
Wai,1,Central_Hawkes_Bay_(coastal),N142_377/957,39__50,70,1000,-2,1981,jo,1595.0,5.2,4.3,75.0,0.5,0.5,4.0,4.0,4.0,0
Wak,3,South_Wairarapa,N162_081/300,41__12,160,1000,-3,1981,ag,1094.0,10.5,6.0,25.0,3.0,3.0,2.0,3.0,2.5,0
Wai,3,Central_Hawkes_Bay_(coastal),N142_377/957,39__50,70,1000,-2,1981,fr,1786.0,17.8,12.2,63.0,4.7,3.1,3.0,3.0,3.0,1
Puk,2,South_Wairarapa,N166_063/197,41__16,300,1200,-3,1982,nd,2634.0,17.77,10.42,50.0,3.0,3.0,2.0,2.0,2.0,0
K83,3,Central_Wairarapa,N158_344/626,40__57,180,1080,-3,1983,ov,2571.0,8.75,7.27,38.0,3.5,2.5,3.0,4.0,3.3,0
K82,2,Central_Wairarapa,N158_343/625,40__57,180,1080,-3,1982,re,2574.0,1.17,2.34,25.0,1.0,3.0,3.0,3.0,3.0,0
Lon,3,South_Wairarapa,N162_097/424,41__08,220,1050,-2,1983,rd,2575.0,15.93,9.1,88.0,3.0,3.0,2.0,2.5,2.5,0
Puk,2,South_Wairarapa,N166_063/197,41__16,300,1200,-3,1982,re,2553.0,17.95,13.66,100.0,5.0,3.0,4.5,4.5,4.0,0
Paw,1,Southern_Hawkes_Bay_(coastal),N146_273/737,40__00,150,1300,-2,1983,ob,2570.0,24.87,11.66,40.0,3.3,3.4,3.5,4.1,3.4,1
Paw,1,Southern_Hawkes_Bay_(coastal),N146_273/737,40__00,150,1300,-2,1983,nd,1596.0,20.11,13.55,20.0,3.0,4.0,4.0,4.0,4.0,0
Mor,2,Central_Hawkes_Bay,N141_295/063,39__43,150,900,-2,1986,te,3274.0,19.92,7.47,?,?,?,?,?,?,0
Wak,1,South_Wairarapa,N162_081/300,41__12,160,1000,-3,1981,re,2428.0,11.2,12.2,75.0,5.0,3.0,4.0,3.5,3.5,1
K83,2,Central_Wairarapa,N158_344/626,40__57,180,1080,-3,1983,re,2550.0,9.15,8.42,25.0,3.0,3.5,3.5,4.0,4.0,0
Cly,1,Northern_Hawkes_Bay,N116_848/985,39__00,200,1400,-2,1980,ov,1521.0,33.3,13.32,?,4.0,2.3,3.3,2.0,1.0,1
Lon,1,South_Wairarapa,N162_097/424,41__08,220,1050,-2,1983,am,1592.0,23.59,9.87,75.0,3.0,4.0,3.0,4.0,3.0,1
K83,3,Central_Wairarapa,N158_344/626,40__57,180,1080,-3,1983,fa,1482.0,6.94,5.17,38.0,2.5,3.0,3.0,4.0,3.5,0
Puk,1,South_Wairarapa,N166_063/197,41__16,300,1200,-3,1982,ka,1171.0,10.81,3.45,100.0,3.0,2.0,1.0,1.0,1.0,0
K81,2,Central_Wairarapa,N158_344/626,40__57,180,1080,-3,1981,fa,1482.0,11.03,6.25,38.0,3.5,3.5,3.0,2.5,2.0,0
K81,1,Central_Wairarapa,N158_344/626,40__57,180,1080,-3,1981,pu,1598.0,10.75,9.26,88.0,4.0,4.0,4.0,4.0,4.0,0
Paw,3,Southern_Hawkes_Bay_(coastal),N146_273/737,40__00,150,1300,-2,1983,ni,2547.0,42.95,13.91,50.0,4.2,2.8,2.0,2.5,1.7,1
Cly,2,Northern_Hawkes_Bay,N116_848/985,39__00,200,1400,-2,1980,ni,2088.0,31.74,11.69,?,4.0,2.5,3.0,3.0,2.0,1
Cra,2,Central_Hawkes_Bay,N135_382/137,39__38,100,850,-2,1980,co,1520.0,8.15,6.72,70.0,1.5,3.0,3.0,3.0,3.0,0
Lon,3,South_Wairarapa,N162_097/424,41__08,220,1050,-2,1983,re,2553.0,11.55,6.56,100.0,3.0,2.7,3.3,4.0,4.0,1
Wak,1,South_Wairarapa,N162_081/300,41__12,160,1000,-3,1981,ag,1094.0,12.0,10.3,38.0,2.8,3.2,2.8,3.2,3.0,0
Paw,3,Southern_Hawkes_Bay_(coastal),N146_273/737,40__00,150,1300,-2,1983,nd,2634.0,40.22,18.22,10.0,4.0,4.5,3.0,3.5,2.0,1
Wak,3,South_Wairarapa,N162_081/300,41__12,160,1000,-3,1981,pu,1598.0,13.6,7.3,38.0,3.0,3.0,2.0,2.5,2.0,0
K81,1,Central_Wairarapa,N158_344/626,40__57,180,1080,-3,1981,ov,1785.0,3.91,3.91,63.0,2.5,1.5,3.0,4.0,3.0,0
K81,2,Central_Wairarapa,N158_344/626,40__57,180,1080,-3,1981,nc,1780.0,2.6,3.64,38.0,1.0,2.0,2.0,2.0,3.0,0
WSp,2,Southern_Hawkes_Bay,N151_912/221,40__36,150,1250,-3,1983,ov,2571.0,19.67,20.14,50.0,3.0,2.0,3.3,3.7,4.0,1
Wak,1,South_Wairarapa,N162_081/300,41__12,160,1000,-3,1981,el,1338.0,8.2,6.6,63.0,4.0,4.0,3.0,3.0,3.0,0
Wai,3,Central_Hawkes_Bay_(coastal),N142_377/957,39__50,70,1000,-2,1981,re,2431.0,17.6,12.4,100.0,3.5,3.3,3.0,3.0,2.0,1
Wai,3,Central_Hawkes_Bay_(coastal),N142_377/957,39__50,70,1000,-2,1981,ka,1171.0,13.1,10.1,100.0,2.0,2.0,2.0,2.0,2.0,0
Wai,2,Central_Hawkes_Bay_(coastal),N142_377/957,39__50,70,1000,-2,1981,ob,1337.0,22.2,14.6,63.0,5.0,3.0,4.0,4.0,3.2,0
Wai,22,Central_Hawkes_Bay_(coastal),N142_377/957,39__50,70,1000,-2,1981,si,2435.0,19.6,12.3,75.0,3.3,3.0,3.3,3.5,3.5,0
WSp,1,Southern_Hawkes_Bay,N151_912/221,40__36,150,1250,-3,1983,ob,1522.0,19.13,10.66,38.0,3.5,3.0,2.5,2.5,2.0,1
Mor,3,Central_Hawkes_Bay,N141_295/063,39__43,150,900,-2,1986,te,3275.0,17.35,6.51,?,?,?,?,?,?,0
K81,3,Central_Wairarapa,N158_344/626,40__57,180,1080,-3,1981,fr,2447.0,11.57,8.41,100.0,4.0,3.0,3.5,3.5,3.5,0
Lon,3,South_Wairarapa,N162_097/424,41__08,220,1050,-2,1983,fa,1482.0,22.38,8.74,100.0,3.7,3.0,3.2,3.3,2.6,1
K81a,1,Central_Wairarapa,N158_344/626,40__57,180,1080,-3,1981,co,2562.0,7.99,5.49,17.0,2.0,3.0,2.5,3.3,3.0,0
Cra,1,Central_Hawkes_Bay,N135_382/137,39__38,100,850,-2,1980,ob,1522.0,17.01,12.28,70.0,5.0,4.0,5.0,4.0,4.5,0
Wak,3,South_Wairarapa,N162_081/300,41__12,160,1000,-3,1981,bxs,1111.0,1.6,1.8,88.0,1.0,2.0,3.0,3.0,3.0,0
WSp,3,Southern_Hawkes_Bay,N151_912/221,40__36,150,1250,-3,1983,am,1592.0,18.4,14.18,50.0,3.5,3.2,2.0,2.5,1.5,1
K83,3,Central_Wairarapa,N158_344/626,40__57,180,1080,-3,1983,ob,2570.0,21.43,14.1,38.0,4.0,3.5,3.0,3.5,3.0,1
Puk,2,South_Wairarapa,N166_063/197,41__16,300,1200,-3,1982,pu,2573.0,7.84,4.29,25.0,2.0,4.0,1.0,2.0,3.0,0
K81a,3,Central_Wairarapa,N158_344/626,40__57,180,1080,-3,1981,br,2621.0,5.98,4.03,43.0,2.5,2.0,3.3,4.0,3.5,0
Wak,3,South_Wairarapa,N162_081/300,41__12,160,1000,-3,1981,ov,1785.0,4.3,3.2,100.0,1.5,1.0,2.5,3.5,3.0,0
Puk,3,South_Wairarapa,N166_063/197,41__16,300,1200,-3,1982,fa,2548.0,24.77,10.67,100.0,4.5,3.0,4.0,3.0,2.0,1
Mor,2,Central_Hawkes_Bay,N141_295/063,39__43,150,900,-2,1986,am,2770.0,11.25,5.14,?,?,?,?,?,?,0
Wak,3,South_Wairarapa,N162_081/300,41__12,160,1000,-3,1981,si,2435.0,6.0,7.0,13.0,3.0,3.0,4.0,4.0,4.0,0
Wai,2,Central_Hawkes_Bay_(coastal),N142_377/957,39__50,70,1000,-2,1981,ob,2459.0,19.6,15.4,100.0,5.0,3.0,5.0,4.3,3.0,0
Wak,1,South_Wairarapa,N162_081/300,41__12,160,1000,-3,1981,nc,1780.0,8.8,5.3,63.0,3.0,3.0,3.0,4.0,4.0,0
Paw,1,Southern_Hawkes_Bay_(coastal),N146_273/737,40__00,150,1300,-2,1983,ob,1522.0,33.16,14.75,40.0,3.7,3.5,3.6,3.6,2.9,1
K83,1,Central_Wairarapa,N158_344/626,40__57,180,1080,-3,1983,re,2553.0,9.73,11.04,75.0,3.0,3.0,3.5,4.0,3.5,1
Lon,1,South_Wairarapa,N162_097/424,41__08,220,1050,-2,1983,ni,2568.0,16.7,7.64,100.0,3.5,2.8,3.0,3.0,2.0,1
Cra,2,Central_Hawkes_Bay,N135_382/137,39__38,100,850,-2,1980,ma,1362.0,8.99,6.05,60.0,2.5,3.0,3.0,4.0,4.0,0
WSh,1,Southern_Hawkes_Bay,N151_922/226,40__36,100,1250,-2,1983,re,?,22.34,8.84,25.0,3.8,3.5,3.0,3.5,3.0,0
Puk,1,South_Wairarapa,N166_063/197,41__16,300,1200,-3,1982,am,1592.0,10.4,5.77,75.0,3.0,3.0,2.0,3.0,2.0,0
K81a,3,Central_Wairarapa,N158_344/626,40__57,180,1080,-3,1981,bxs,1111.0,6.92,4.54,48.0,3.0,3.0,2.5,2.0,2.0,0
Cra,2,Central_Hawkes_Bay,N135_382/137,39__38,100,850,-2,1980,nd,1596.0,13.13,6.08,80.0,3.5,4.0,4.0,3.5,3.5,0
Mor,2,Central_Hawkes_Bay,N141_295/063,39__43,150,900,-2,1986,te,2768.0,29.91,11.22,?,?,?,?,?,?,0
Nga,2,Southern_Hawkes_Bay,N145_874/586,40__11,130,1000,-3,1980,ob,1522.0,15.5,9.8,40.0,4.0,3.5,3.5,3.5,3.0,1
K83,3,Central_Wairarapa,N158_344/626,40__57,180,1080,-3,1983,ob,1522.0,1.41,2.82,13.0,1.0,3.0,3.0,3.0,3.0,0
Wak,3,South_Wairarapa,N162_081/300,41__12,160,1000,-3,1981,re,2428.0,12.3,8.2,75.0,4.0,3.0,3.0,2.0,2.0,0
K82,3,Central_Wairarapa,N158_343/625,40__57,180,1080,-3,1982,ov,1788.0,15.31,11.77,75.0,3.0,2.0,4.0,4.0,4.0,0
Paw,1,Southern_Hawkes_Bay_(coastal),N146_273/737,40__00,150,1300,-2,1983,pu,2573.0,32.97,14.24,40.0,3.2,4.0,3.1,3.3,3.0,1
Puk,3,South_Wairarapa,N166_063/197,41__16,300,1200,-3,1982,re,2553.0,17.72,11.93,75.0,4.0,3.0,5.0,4.0,4.0,0
Mor,1,Central_Hawkes_Bay,N141_295/063,39__43,150,900,-2,1986,nd,1596.0,25.84,11.76,?,?,?,?,?,?,0
Wak,1,South_Wairarapa,N162_081/300,41__12,160,1000,-3,1981,fa,1978.0,15.7,10.0,100.0,4.0,3.0,2.5,2.5,2.5,1
K81a,1,Central_Wairarapa,N158_344/626,40__57,180,1080,-3,1981,ov,1785.0,10.24,6.95,46.0,2.0,2.0,3.0,4.0,3.0,0
Lon,1,South_Wairarapa,N162_097/424,41__08,220,1050,-2,1983,fr,2552.0,18.88,9.59,75.0,3.0,3.0,3.0,3.3,3.0,1
Lon,3,South_Wairarapa,N162_097/424,41__08,220,1050,-2,1983,nd,2569.0,10.11,4.79,100.0,2.7,3.5,2.8,4.0,4.0,1
Puk,2,South_Wairarapa,N166_063/197,41__16,300,1200,-3,1982,fa,2548.0,10.08,6.52,50.0,3.0,3.0,4.0,4.0,4.0,0
Wai,1,Central_Hawkes_Bay_(coastal),N142_377/957,39__50,70,1000,-2,1981,fr,2447.0,19.8,10.7,75.0,4.5,3.0,3.0,3.0,2.5,1
K83,1,Central_Wairarapa,N158_344/626,40__57,180,1080,-3,1983,ov,2571.0,14.82,14.23,50.0,3.0,1.7,4.0,4.0,3.5,1
K81,2,Central_Wairarapa,N158_344/626,40__57,180,1080,-3,1981,bxs,1111.0,6.29,4.62,100.0,3.0,2.5,2.0,2.0,2.5,0
Puk,1,South_Wairarapa,N166_063/197,41__16,300,1200,-3,1982,ov,1785.0,8.65,5.95,100.0,1.5,1.0,3.0,3.0,3.0,0
K82,1,Central_Wairarapa,N158_343/625,40__57,180,1080,-3,1982,ov,1259.0,9.65,8.01,100.0,3.0,2.0,3.0,3.5,3.0,0
WSp,1,Southern_Hawkes_Bay,N151_912/221,40__36,150,1250,-3,1983,am,2560.0,20.24,14.6,63.0,3.0,3.5,3.0,3.7,2.5,1
WSp,1,Southern_Hawkes_Bay,N151_912/221,40__36,150,1250,-3,1983,re,2574.0,15.11,15.54,75.0,3.7,3.0,3.3,3.5,3.5,1
Wai,2,Central_Hawkes_Bay_(coastal),N142_377/957,39__50,70,1000,-2,1981,ro,1192.0,8.9,5.2,63.0,2.5,1.8,3.0,3.0,3.0,0
K83,2,Central_Wairarapa,N158_344/626,40__57,180,1080,-3,1983,ni,2547.0,9.13,8.01,75.0,2.8,2.0,3.3,3.3,3.0,0
WSh,1,Southern_Hawkes_Bay,N151_922/226,40__36,100,1250,-2,1983,ni,2568.0,28.21,9.47,94.0,4.6,3.0,2.0,1.8,1.2,1
K81,1,Central_Wairarapa,N158_344/626,40__57,180,1080,-3,1981,re,1787.0,5.3,4.88,38.0,3.5,3.0,4.0,4.0,4.0,1
K82,2,Central_Wairarapa,N158_343/625,40__57,180,1080,-3,1982,re,2553.0,6.34,6.45,50.0,3.0,3.0,4.0,4.0,4.0,0
Wai,2,Central_Hawkes_Bay_(coastal),N142_377/957,39__50,70,1000,-2,1981,ov,1785.0,9.8,7.5,75.0,1.7,1.3,3.3,4.0,3.5,0
K82,1,Central_Wairarapa,N158_343/625,40__57,180,1080,-3,1982,nd,2635.0,7.48,3.74,25.0,3.0,3.5,3.0,4.0,3.5,0
Lon,1,South_Wairarapa,N162_097/424,41__08,220,1050,-2,1983,am,2560.0,20.72,8.67,100.0,3.5,3.5,2.5,4.0,4.0,0
Mor,3,Central_Hawkes_Bay,N141_295/063,39__43,150,900,-2,1986,te,1609.0,26.19,9.82,?,?,?,?,?,?,0
Puk,2,South_Wairarapa,N166_063/197,41__16,300,1200,-3,1982,br,2621.0,8.11,4.98,100.0,3.0,1.0,4.0,4.0,4.0,0
Wai,2,Central_Hawkes_Bay_(coastal),N142_377/957,39__50,70,1000,-2,1981,re,2431.0,26.0,14.0,88.0,5.0,3.5,3.5,4.0,3.3,0
Puk,3,South_Wairarapa,N166_063/197,41__16,300,1200,-3,1982,re,2574.0,13.55,9.26,75.0,3.0,3.0,4.0,4.0,3.5,1
Wak,2,South_Wairarapa,N162_081/300,41__12,160,1000,-3,1981,re,2431.0,10.6,10.2,4.0,3.0,3.5,2.5,3.0,3.0,0
Wai,3,Central_Hawkes_Bay_(coastal),N142_377/957,39__50,70,1000,-2,1981,fa,1482.0,20.0,13.2,75.0,4.5,3.0,4.0,4.0,4.0,0
Wak,3,South_Wairarapa,N162_081/300,41__12,160,1000,-3,1981,fa,1482.0,7.8,5.6,88.0,3.0,3.0,2.0,2.0,2.0,1
Cly,1,Northern_Hawkes_Bay,N116_848/985,39__00,200,1400,-2,1980,pu,1523.0,33.13,12.33,?,4.0,4.0,3.5,4.0,2.7,1
K83,1,Central_Wairarapa,N158_344/626,40__57,180,1080,-3,1983,rd,2575.0,13.54,8.81,88.0,2.7,2.0,2.5,3.0,3.0,0
Mor,3,Central_Hawkes_Bay,N141_295/063,39__43,150,900,-2,1986,ra,1257.0,21.27,9.72,?,?,?,?,?,?,0
Wai,2,Central_Hawkes_Bay_(coastal),N142_377/957,39__50,70,1000,-2,1981,rd,1524.0,10.3,7.8,100.0,2.3,2.0,3.0,3.0,3.0,0
Nga,1,Southern_Hawkes_Bay,N145_874/586,40__11,130,1000,-3,1980,ni,2088.0,10.3,9.4,80.0,3.0,2.5,3.0,3.0,3.0,1
Paw,1,Southern_Hawkes_Bay_(coastal),N146_273/737,40__00,150,1300,-2,1983,nd,2634.0,40.52,18.95,10.0,4.5,4.5,3.0,4.0,2.0,1
Mor,3,Central_Hawkes_Bay,N141_295/063,39__43,150,900,-2,1986,co,2562.0,29.11,12.28,?,?,?,?,?,?,0
Wai,1,Central_Hawkes_Bay_(coastal),N142_377/957,39__50,70,1000,-2,1981,fr,1786.0,13.3,10.8,75.0,4.0,3.8,4.0,4.0,4.0,0
Wai,1,Central_Hawkes_Bay_(coastal),N142_377/957,39__50,70,1000,-2,1981,ag,1094.0,3.4,5.5,50.0,1.0,1.0,3.0,3.0,3.0,0
Wai,3,Central_Hawkes_Bay_(coastal),N142_377/957,39__50,70,1000,-2,1981,br,1112.0,13.1,10.6,88.0,2.0,2.0,3.0,3.0,3.0,0
Cly,3,Northern_Hawkes_Bay,N116_848/985,39__00,200,1400,-2,1980,nd,1596.0,24.42,7.85,?,3.0,3.5,3.3,3.3,3.3,1
Paw,1,Southern_Hawkes_Bay_(coastal),N146_273/737,40__00,150,1300,-2,1983,re,2550.0,20.25,10.66,30.0,2.7,3.0,4.0,4.2,3.7,1
Paw,2,Southern_Hawkes_Bay_(coastal),N146_273/737,40__00,150,1300,-2,1983,ni,2568.0,52.76,21.0,50.0,4.5,2.7,3.9,3.4,2.6,0
Lon,3,South_Wairarapa,N162_097/424,41__08,220,1050,-2,1983,re,2574.0,7.22,4.1,57.0,3.0,3.0,2.0,3.0,2.0,0
Mor,1,Central_Hawkes_Bay,N141_295/063,39__43,150,900,-2,1986,pu,3273.0,10.1,4.32,?,?,?,?,?,?,0
Mor,2,Central_Hawkes_Bay,N141_295/063,39__43,150,900,-2,1986,am,3266.0,25.73,11.75,?,?,?,?,?,?,0
Cly,2,Northern_Hawkes_Bay,N116_848/985,39__00,200,1400,-2,1980,ov,1521.0,31.38,13.32,?,4.3,2.7,4.0,3.5,3.3,0
Lon,1,South_Wairarapa,N162_097/424,41__08,220,1050,-2,1983,ob,2570.0,16.55,8.21,100.0,3.5,3.0,3.5,3.3,3.0,1
K81,2,Central_Wairarapa,N158_344/626,40__57,180,1080,-3,1981,el,1338.0,6.07,5.89,63.0,3.0,3.0,2.0,2.0,2.5,0
Wai,3,Central_Hawkes_Bay_(coastal),N142_377/957,39__50,70,1000,-2,1981,fr,1339.0,23.9,12.7,37.0,4.0,3.0,3.0,3.0,3.0,1
Cra,3,Central_Hawkes_Bay,N135_382/137,39__38,100,850,-2,1980,ni,2088.0,17.15,8.22,60.0,5.0,2.7,3.5,3.0,2.0,1
Mor,2,Central_Hawkes_Bay,N141_295/063,39__43,150,900,-2,1986,pu,3272.0,35.37,15.14,?,?,?,?,?,?,0
WSp,2,Southern_Hawkes_Bay,N151_912/221,40__36,150,1250,-3,1983,re,2553.0,23.53,21.06,50.0,4.5,3.5,3.3,3.2,2.8,1
Cly,3,Northern_Hawkes_Bay,N116_848/985,39__00,200,1400,-2,1980,pu,1523.0,39.65,10.56,?,4.0,4.5,3.0,3.0,1.0,0
K82,2,Central_Wairarapa,N158_343/625,40__57,180,1080,-3,1982,re,2550.0,17.6,14.08,50.0,5.0,3.5,4.0,4.0,3.5,0
WSp,1,Southern_Hawkes_Bay,N151_912/221,40__36,150,1250,-3,1983,co,2562.0,17.4,14.14,63.0,3.5,4.0,3.7,4.0,3.5,1
Puk,1,South_Wairarapa,N166_063/197,41__16,300,1200,-3,1982,pu,2573.0,2.45,3.06,50.0,1.5,4.0,1.0,2.0,3.0,0
WSp,3,Southern_Hawkes_Bay,N151_912/221,40__36,150,1250,-3,1983,ob,2570.0,34.67,15.41,13.0,4.0,3.0,2.5,2.5,2.0,0
K83,1,Central_Wairarapa,N158_344/626,40__57,180,1080,-3,1983,ob,2458.0,8.46,7.05,13.0,2.0,3.0,3.0,3.0,3.0,0
K82,3,Central_Wairarapa,N158_343/625,40__57,180,1080,-3,1982,ov,1259.0,7.65,8.24,25.0,2.0,2.0,4.0,4.0,4.0,0
Mor,1,Central_Hawkes_Bay,N141_295/063,39__43,150,900,-2,1986,am,3267.0,33.65,15.36,?,?,?,?,?,?,0
Lon,3,South_Wairarapa,N162_097/424,41__08,220,1050,-2,1983,nd,1596.0,14.77,7.0,100.0,3.0,4.0,2.0,3.5,3.0,1
WSp,2,Southern_Hawkes_Bay,N151_912/221,40__36,150,1250,-3,1983,fr,2552.0,31.73,18.88,63.0,3.8,3.2,3.0,3.0,2.0,1
K83,2,Central_Wairarapa,N158_344/626,40__57,180,1080,-3,1983,fa,2548.0,23.63,11.82,88.0,4.5,4.0,3.0,2.5,2.0,1
Wai,1,Central_Hawkes_Bay_(coastal),N142_377/957,39__50,70,1000,-2,1981,bxs,1111.0,17.6,12.6,71.0,3.5,3.0,3.3,2.5,2.0,1
Wai,2,Central_Hawkes_Bay_(coastal),N142_377/957,39__50,70,1000,-2,1981,fr,1786.0,17.0,15.3,75.0,4.7,4.0,3.5,4.0,4.0,0
WSp,2,Southern_Hawkes_Bay,N151_912/221,40__36,150,1250,-3,1983,nd,1596.0,21.45,16.76,75.0,3.0,3.2,3.3,3.5,3.0,1
Puk,2,South_Wairarapa,N166_063/197,41__16,300,1200,-3,1982,ka,1171.0,1.27,1.12,25.0,1.5,3.0,0.0,2.0,3.0,0
WSp,1,Southern_Hawkes_Bay,N151_912/221,40__36,150,1250,-3,1983,ov,2571.0,19.35,17.3,50.0,2.5,2.0,3.2,4.0,4.0,0
Cra,1,Central_Hawkes_Bay,N135_382/137,39__38,100,850,-2,1980,nd,1596.0,14.8,9.48,70.0,3.7,3.0,3.3,4.0,3.5,1
Paw,1,Southern_Hawkes_Bay_(coastal),N146_273/737,40__00,150,1300,-2,1983,ni,2568.0,31.63,13.91,60.0,3.6,2.6,3.6,3.3,2.8,1
WSp,2,Southern_Hawkes_Bay,N151_912/221,40__36,150,1250,-3,1983,co,2562.0,18.81,19.09,75.0,3.0,3.0,3.5,4.0,3.0,0
Puk,2,South_Wairarapa,N166_063/197,41__16,300,1200,-3,1982,re,2432.0,12.39,10.77,75.0,3.0,3.0,4.0,4.0,4.0,1
K82,2,Central_Wairarapa,N158_343/625,40__57,180,1080,-3,1982,br,2620.0,3.54,3.43,100.0,2.5,2.0,3.3,3.3,3.3,0
Paw,1,Southern_Hawkes_Bay_(coastal),N146_273/737,40__00,150,1300,-2,1983,rd,2575.0,19.91,6.77,40.0,1.6,1.8,2.3,2.5,2.3,0
Mor,3,Central_Hawkes_Bay,N141_295/063,39__43,150,900,-2,1986,nd,3068.0,29.76,13.55,?,?,?,?,?,?,0
K83,1,Central_Wairarapa,N158_344/626,40__57,180,1080,-3,1983,cr,1252.0,12.96,11.21,88.0,4.0,4.0,2.5,2.0,2.0,0
Mor,1,Central_Hawkes_Bay,N141_295/063,39__43,150,900,-2,1986,pu,2573.0,23.62,10.11,?,?,?,?,?,?,0
Wai,3,Central_Hawkes_Bay_(coastal),N142_377/957,39__50,70,1000,-2,1981,si,2435.0,20.3,13.6,63.0,4.0,2.7,3.0,2.5,2.0,1
Paw,1,Southern_Hawkes_Bay_(coastal),N146_273/737,40__00,150,1300,-2,1983,cr,1252.0,26.59,10.8,40.0,3.6,3.8,2.6,2.6,2.5,1
Puk,2,South_Wairarapa,N166_063/197,41__16,300,1200,-3,1982,ov,1785.0,2.56,2.91,75.0,1.0,1.0,2.0,2.0,3.0,0
Lon,2,South_Wairarapa,N162_097/424,41__08,220,1050,-2,1983,nd,1596.0,10.97,5.2,50.0,3.3,3.0,3.3,4.0,3.5,1
Lon,2,South_Wairarapa,N162_097/424,41__08,220,1050,-2,1983,ov,2571.0,16.15,6.19,100.0,3.0,2.3,3.0,4.0,4.0,1
Mor,3,Central_Hawkes_Bay,N141_295/063,39__43,150,900,-2,1986,nd,2569.0,22.89,10.42,?,?,?,?,?,?,0
K81,3,Central_Wairarapa,N158_344/626,40__57,180,1080,-3,1981,re,2428.0,5.16,5.86,75.0,4.0,3.0,4.0,4.0,4.0,0
Wak,1,South_Wairarapa,N162_081/300,41__12,160,1000,-3,1981,sm,1340.0,5.7,5.7,100.0,3.0,2.0,3.0,3.0,3.0,0
K83,3,Central_Wairarapa,N158_344/626,40__57,180,1080,-3,1983,fr,2552.0,1.59,2.89,38.0,2.5,3.0,3.0,3.0,3.0,0
Wai,2,Central_Hawkes_Bay_(coastal),N142_377/957,39__50,70,1000,-2,1981,sm,1340.0,20.1,6.9,88.0,3.0,2.5,1.0,0.5,0.0,0
Paw,1,Southern_Hawkes_Bay_(coastal),N146_273/737,40__00,150,1300,-2,1983,am,1592.0,43.29,17.2,20.0,4.5,4.5,3.7,4.0,3.0,0
Wak,2,South_Wairarapa,N162_081/300,41__12,160,1000,-3,1981,fa,1482.0,15.4,15.8,4.0,3.0,3.0,3.0,3.0,3.0,0
Wen,1,Central_Poverty_Bay,N98_539/567,82__32,150,1750,-2,1986,am,?,27.68,12.64,?,?,?,?,?,?,0
K83,2,Central_Wairarapa,N158_344/626,40__57,180,1080,-3,1983,ov,1788.0,16.16,10.98,13.0,3.5,2.5,3.0,4.0,3.0,1
K83,3,Central_Wairarapa,N158_344/626,40__57,180,1080,-3,1983,co,2562.0,9.94,7.46,50.0,3.0,4.0,3.0,4.0,3.0,0
K82,2,Central_Wairarapa,N158_343/625,40__57,180,1080,-3,1982,sm,1340.0,2.1,3.85,25.0,1.0,2.0,3.0,3.0,3.0,0
Puk,1,South_Wairarapa,N166_063/197,41__16,300,1200,-3,1982,nd,2635.0,8.58,7.48,100.0,3.5,3.0,2.5,3.5,3.0,1
Wak,3,South_Wairarapa,N162_081/300,41__12,160,1000,-3,1981,re,2430.0,9.7,7.1,100.0,4.0,3.0,2.0,2.5,2.5,0
Wai,3,Central_Hawkes_Bay_(coastal),N142_377/957,39__50,70,1000,-2,1981,ro,1192.0,12.2,4.4,75.0,3.0,2.0,3.0,2.5,2.5,0
Mor,3,Central_Hawkes_Bay,N141_295/063,39__43,150,900,-2,1986,am,3266.0,20.16,9.21,?,?,?,?,?,?,0
Mor,3,Central_Hawkes_Bay,N141_295/063,39__43,150,900,-2,1986,te,2768.0,26.37,9.89,?,?,?,?,?,?,0
K81,3,Central_Wairarapa,N158_344/626,40__57,180,1080,-3,1981,fr,1339.0,3.81,4.73,100.0,3.0,2.7,3.0,3.0,3.5,1
WSh,1,Southern_Hawkes_Bay,N151_922/226,40__36,100,1250,-2,1983,fr,2552.0,33.35,10.61,33.0,4.5,4.0,2.8,3.0,1.5,1
Paw,2,Southern_Hawkes_Bay_(coastal),N146_273/737,40__00,150,1300,-2,1983,nd,2635.0,32.5,14.57,10.0,2.7,3.0,3.0,4.0,3.0,1
Wak,1,South_Wairarapa,N162_081/300,41__12,160,1000,-3,1981,ob,1337.0,19.6,11.8,63.0,5.0,3.0,3.5,3.0,2.0,0
Puk,1,South_Wairarapa,N166_063/197,41__16,300,1200,-3,1982,bxs,1111.0,10.99,7.2,100.0,2.0,3.0,3.0,3.0,3.0,0
Nga,2,Southern_Hawkes_Bay,N145_874/586,40__11,130,1000,-3,1980,rd,1524.0,11.5,5.8,40.0,1.5,2.0,2.5,3.5,2.5,0
Puk,3,South_Wairarapa,N166_063/197,41__16,300,1200,-3,1982,re,2550.0,14.59,8.68,100.0,3.0,2.0,4.0,3.0,3.0,0
Cra,2,Central_Hawkes_Bay,N135_382/137,39__38,100,850,-2,1980,ov,1521.0,10.22,8.32,100.0,3.0,1.8,3.0,3.0,3.0,0
WSp,1,Southern_Hawkes_Bay,N151_912/221,40__36,150,1250,-3,1983,ni,2547.0,20.8,10.23,13.0,3.0,3.0,3.0,2.5,3.0,0
Wai,3,Central_Hawkes_Bay_(coastal),N142_377/957,39__50,70,1000,-2,1981,rd,1524.0,9.0,6.8,100.0,2.0,1.5,2.0,4.0,3.5,0
Cra,2,Central_Hawkes_Bay,N135_382/137,39__38,100,850,-2,1980,fr,1487.0,15.07,7.17,10.0,4.0,4.0,3.3,3.0,2.0,1
Puk,1,South_Wairarapa,N166_063/197,41__16,300,1200,-3,1982,am,2560.0,11.66,7.27,100.0,3.0,3.0,2.0,3.0,2.0,0
Paw,1,Southern_Hawkes_Bay_(coastal),N146_273/737,40__00,150,1300,-2,1983,nd,2635.0,20.4,10.2,10.0,3.3,4.5,3.3,4.0,3.5,1
WSp,3,Southern_Hawkes_Bay,N151_912/221,40__36,150,1250,-3,1983,ov,2571.0,22.03,19.34,50.0,4.0,2.5,3.3,3.3,3.0,0
Mor,3,Central_Hawkes_Bay,N141_295/063,39__43,150,900,-2,1986,am,3267.0,16.63,7.59,?,?,?,?,?,?,0
Cra,3,Central_Hawkes_Bay,N135_382/137,39__38,100,850,-2,1980,rd,1524.0,12.39,5.55,80.0,3.0,2.5,2.0,2.0,2.0,0
Wen,1,Central_Poverty_Bay,N98_539/567,82__32,150,1750,-2,1986,ra,?,24.0,10.96,?,?,?,?,?,?,0
K81a,1,Central_Wairarapa,N158_344/626,40__57,180,1080,-3,1981,re,2574.0,11.62,7.4,33.0,3.0,3.0,3.5,3.5,3.3,0
Cra,2,Central_Hawkes_Bay,N135_382/137,39__38,100,850,-2,1980,rd,1524.0,8.23,6.5,70.0,2.0,2.0,3.3,4.0,3.5,0
Wak,1,South_Wairarapa,N162_081/300,41__12,160,1000,-3,1981,jo,1595.0,8.0,4.9,88.0,3.5,1.5,4.0,4.0,4.0,0
K83,2,Central_Wairarapa,N158_344/626,40__57,180,1080,-3,1983,pa,2750.0,1.38,1.53,13.0,1.0,1.0,3.0,3.0,3.0,0
K82,2,Central_Wairarapa,N158_343/625,40__57,180,1080,-3,1982,nd,2569.0,19.44,15.38,75.0,4.5,3.5,3.5,4.0,3.0,0
Mor,1,Central_Hawkes_Bay,N141_295/063,39__43,150,900,-2,1986,am,3269.0,24.72,11.29,?,?,?,?,?,?,0
WSp,1,Southern_Hawkes_Bay,N151_912/221,40__36,150,1250,-3,1983,re,2550.0,7.84,3.34,38.0,2.0,2.3,1.5,2.0,2.0,0
K81a,1,Central_Wairarapa,N158_344/626,40__57,180,1080,-3,1981,ov,1788.0,13.07,8.12,14.0,1.5,1.5,2.0,3.0,3.0,0
K83,2,Central_Wairarapa,N158_344/626,40__57,180,1080,-3,1983,pu,2573.0,1.48,2.96,13.0,1.0,3.0,3.0,3.0,3.0,0
K83,1,Central_Wairarapa,N158_344/626,40__57,180,1080,-3,1983,nd,1596.0,7.68,6.56,50.0,3.0,3.5,3.5,4.0,4.0,0
Cra,1,Central_Hawkes_Bay,N135_382/137,39__38,100,850,-2,1980,co,1520.0,18.45,9.96,40.0,4.0,3.0,3.5,4.0,3.5,1
Puk,2,South_Wairarapa,N166_063/197,41__16,300,1200,-3,1982,fa,1482.0,2.37,2.73,50.0,1.0,3.0,3.0,3.0,3.0,0
K81,1,Central_Wairarapa,N158_344/626,40__57,180,1080,-3,1981,si,2435.0,14.93,9.39,63.0,4.0,3.0,3.0,2.5,2.5,1
Wak,2,South_Wairarapa,N162_081/300,41__12,160,1000,-3,1981,re,2428.0,10.9,9.8,4.0,3.0,2.5,2.0,3.0,4.0,0
