company1,company2,company3,company4,company5,company6,company7,company8,company9,outcome
?,54.75,21.875,42.875,?,?,66.25,?,?,1
?,25.0,?,37.375,49.875,?,?,?,?,1
?,?,?,?,?,24.0,?,27.125,?,1
28.328000000000003,?,?,?,78.125,34.5,70.5,20.625,?,1
26.281,?,22.625,43.625,?,32.25,66.0,?,?,1
?,49.375,?,39.0,63.875,29.875,63.5,19.625,?,1
26.438000000000002,?,20.125,?,83.5,?,?,21.75,43.625,1
28.891,50.75,?,?,?,?,72.25,21.5,45.875,1
38.0,?,15.5,44.25,?,17.25,?,23.0,49.25,0
52.25,?,17.375,52.75,43.375,?,?,?,40.625,0
29.219,50.75,?,?,?,?,73.75,22.625,47.625,1
?,?,19.5,39.5,?,25.625,68.875,?,41.0,1
?,?,?,?,?,?,?,27.625,37.75,0
?,58.375,20.375,?,?,?,?,?,?,0
?,?,?,?,47.625,16.75,63.25,?,39.0,0
?,46.25,?,?,?,?,?,?,48.375,0
28.063000000000002,?,21.125,?,?,30.75,?,21.125,43.0,1
?,37.875,13.875,38.75,54.5,16.25,?,?,?,0
41.422,36.25,?,?,52.875,17.875,?,21.5,?,0
?,50.125,?,?,84.0,?,68.75,?,44.0,1
44.875,25.375,19.25,?,?,?,?,?,?,0
?,?,19.0,49.875,67.5,?,?,27.125,?,0
?,52.0,18.375,?,68.625,?,80.625,?,47.125,0
?,?,?,50.125,70.75,?,?,?,?,0
34.172,?,?,?,?,25.625,73.375,22.25,?,0
?,23.875,15.625,49.375,40.5,26.125,77.875,28.875,40.875,0
?,?,?,51.5,72.375,24.375,80.75,23.875,?,0
37.422,?,?,?,72.625,23.75,?,24.375,47.375,0
?,?,15.75,?,?,15.875,64.625,24.375,37.625,1
?,32.125,16.25,?,34.875,?,62.125,27.0,47.125,0
50.25,24.5,?,?,40.75,?,76.375,?,42.125,0
45.75,41.875,17.875,?,50.375,?,80.0,?,42.125,1
32.891,56.375,20.25,45.25,84.125,?,?,?,?,0
?,50.25,?,41.875,67.75,?,69.625,21.875,44.25,1
?,?,?,44.0,?,?,?,?,?,1
?,?,20.875,45.125,?,26.25,?,?,?,0
?,?,22.125,?,64.0,?,65.875,21.0,41.875,1
?,40.75,?,41.75,60.25,?,67.125,22.875,?,0
45.875,46.75,?,?,?,30.5,87.25,25.5,42.75,1
?,40.5,?,?,59.875,?,66.625,?,47.625,0
33.5,?,20.75,?,78.625,26.25,68.375,21.875,?,0
33.422,58.125,?,47.625,?,25.5,?,?,48.375,0
?,?,21.5,?,?,?,77.25,22.75,?,0
?,?,?,39.875,?,?,?,20.625,?,1
?,?,14.375,?,?,?,?,21.625,?,0
?,58.75,?,48.125,?,25.625,78.125,?,?,0
?,53.0,22.5,43.875,?,30.0,65.125,?,46.375,1
43.875,44.5,19.125,57.5,50.875,29.375,83.5,26.625,44.5,0
24.671999999999997,?,?,41.625,?,29.375,?,?,?,1
27.781,50.125,20.0,?,88.875,27.0,?,22.0,?,1
?,52.5,19.125,?,?,?,68.875,18.125,?,1
?,?,14.25,39.75,41.625,17.0,61.0,?,44.25,0
?,?,20.0,44.125,?,?,?,22.25,?,1
20.938000000000002,?,?,?,?,?,?,20.0,?,1
?,56.875,20.75,45.125,83.5,?,69.875,?,44.125,0
47.125,?,?,52.125,?,?,?,27.0,39.625,0
?,?,?,?,?,?,?,20.125,42.5,1
47.0,37.25,?,41.375,?,16.875,65.375,24.0,46.875,0
49.0,?,19.5,49.5,60.875,22.75,?,25.5,40.5,1
52.0,28.0,?,52.625,45.5,23.75,?,?,?,0
?,52.0,?,?,?,33.125,72.25,?,?,1
?,20.0,?,?,48.875,15.125,64.25,22.375,?,1
?,?,?,?,70.625,?,?,23.75,46.75,0
?,39.125,?,?,?,?,81.625,26.25,?,1
47.625,25.25,15.5,37.125,50.875,?,?,?,?,0
57.75,?,15.75,38.125,43.375,14.375,58.375,?,43.75,0
39.25,45.125,?,39.75,?,?,68.625,?,49.375,0
?,24.75,?,?,?,24.125,74.125,?,40.375,0
23.781,?,20.25,40.75,60.125,29.0,61.75,?,?,1
?,?,14.5,46.5,?,?,75.25,27.5,?,0
?,?,?,40.75,79.5,?,67.125,?,42.25,1
?,?,21.875,?,79.0,26.0,?,?,45.5,0
43.875,?,14.75,?,?,16.0,66.25,24.5,35.875,1
?,50.875,?,?,89.75,27.625,68.0,?,?,1
41.422,42.75,?,45.125,62.25,17.75,67.25,22.25,48.75,0
25.719,54.75,23.0,?,?,29.5,?,?,?,1
?,52.75,?,44.0,64.0,29.0,65.625,?,?,1
37.578,52.25,18.75,?,?,?,80.5,23.5,46.875,0
?,25.5,?,51.0,46.125,?,?,?,?,0
?,60.25,?,?,?,?,?,?,46.125,0
?,53.875,?,?,91.875,?,?,22.0,?,1
27.109,?,?,39.375,63.875,30.0,67.125,?,44.0,1
48.25,25.375,?,52.375,49.75,?,75.875,27.75,41.25,0
38.0,45.5,?,41.0,?,17.0,66.375,21.75,48.25,0
?,?,?,47.25,?,18.5,78.0,23.625,?,0
31.891,55.125,?,45.75,?,27.5,67.375,?,?,1
21.781,?,?,43.25,?,28.875,66.75,18.625,43.0,1
20.891,54.5,?,?,64.25,?,66.5,19.0,44.0,1
?,?,?,40.625,40.875,17.75,61.125,?,?,0
?,?,?,43.625,79.125,?,?,21.875,?,0
21.609,55.125,20.625,43.625,?,?,66.625,?,42.25,1
47.422,37.125,?,41.875,?,16.0,63.875,?,50.75,0
21.063000000000002,55.5,23.625,45.75,?,?,66.125,20.25,?,1
?,?,16.0,38.5,?,?,58.875,?,43.625,0
45.375,21.125,?,45.5,29.125,?,?,?,35.875,1
48.5,?,?,39.875,52.625,?,?,25.375,32.25,0
44.25,23.75,16.75,39.875,?,14.875,69.5,24.375,32.25,1
?,?,22.0,?,?,?,?,?,?,1
?,52.75,23.0,43.5,?,30.25,66.5,?,47.875,1
47.5,?,15.75,?,50.375,?,79.125,?,?,1
?,?,?,46.25,?,26.25,?,22.25,?,0
38.922,45.625,15.625,42.625,?,?,?,22.5,48.625,0
20.781,54.625,23.75,45.5,64.625,30.875,65.875,?,48.5,1
33.609,57.125,22.0,44.875,78.875,25.25,?,21.875,45.125,0
22.438000000000002,54.5,?,41.875,?,29.125,62.875,?,?,1
?,38.125,17.375,60.125,?,?,83.25,?,41.125,1
34.828,?,20.25,?,73.25,25.5,79.25,?,?,0
?,35.875,?,?,?,?,64.375,?,50.75,0
?,?,?,?,43.75,14.75,62.0,?,40.25,0
?,?,19.125,?,?,26.875,?,26.75,42.125,1
?,58.625,?,?,?,22.5,81.0,24.375,?,0
?,20.0,15.25,38.625,?,?,?,25.125,34.25,0
30.891,53.5,?,45.0,91.625,?,?,21.75,44.875,1
49.75,?,18.375,52.75,55.625,?,?,?,43.375,0
?,50.75,21.625,?,?,?,?,22.875,45.375,1
?,?,?,50.25,37.0,19.875,76.375,?,38.375,1
?,37.875,15.625,?,56.5,17.0,64.875,?,49.375,0
46.5,?,?,?,?,?,?,?,46.75,0
45.0,21.25,?,42.75,27.75,?,67.25,23.375,?,1
?,54.0,?,?,?,?,?,21.625,44.0,1
42.328,36.875,?,?,?,17.625,?,21.625,47.625,0
42.328,38.0,?,39.25,52.125,?,?,21.75,?,0
?,?,16.125,45.75,?,?,?,27.875,?,0
44.875,?,18.5,?,59.0,?,84.0,27.25,44.625,0
?,55.375,20.625,?,?,29.625,?,?,?,1
24.109,?,?,45.0,62.75,29.625,65.625,20.125,47.875,1
?,?,?,?,75.75,33.375,72.5,?,44.0,1
47.625,24.875,?,36.625,?,17.25,?,25.25,39.5,0
?,?,23.125,44.125,?,29.375,?,19.25,?,1
27.171999999999997,50.875,?,40.375,?,?,?,?,?,1
35.563,57.75,21.375,46.5,78.75,?,71.375,22.375,45.625,0
?,?,19.5,56.75,56.375,29.0,?,27.0,44.75,0
32.422,?,?,?,?,?,?,?,?,0
29.328000000000003,?,22.75,43.0,?,?,?,22.5,?,1
44.375,24.625,15.125,39.25,?,?,65.75,25.125,36.75,1
32.109,?,20.625,?,?,?,?,?,?,0
30.719,?,21.125,?,?,?,?,?,44.5,1
26.609,?,?,40.25,?,?,67.125,21.625,42.5,1
?,?,?,45.375,90.75,27.5,66.125,?,?,1
26.281,50.25,21.75,?,?,?,?,?,41.75,1
35.719,?,22.25,?,?,?,71.25,?,45.5,0
?,?,?,45.375,?,26.625,?,?,45.25,0
?,29.5,14.75,?,?,15.5,?,26.25,?,0
?,58.5,?,47.875,?,31.625,?,?,51.0,1
26.219,53.0,22.625,43.75,64.25,29.375,66.0,21.25,48.0,1
29.109,51.25,?,?,72.5,32.75,72.125,21.75,47.0,1
48.875,?,15.5,?,?,?,?,?,38.875,0
39.625,23.75,15.0,?,45.875,?,66.625,24.375,?,1
?,32.0,19.0,?,?,?,62.375,27.375,46.5,0
?,26.25,16.0,48.5,?,25.0,75.0,26.25,?,0
20.891,?,22.625,?,?,29.75,67.625,19.625,?,1
45.5,40.75,17.75,55.875,?,?,80.0,27.75,42.375,1
38.672,?,?,44.0,69.375,?,75.375,22.875,?,0
34.922,?,?,48.5,74.75,?,?,?,48.625,0
?,58.25,20.625,53.0,?,?,80.0,23.5,?,0
48.875,32.0,15.75,55.0,?,27.625,80.75,?,37.375,0
?,?,20.0,?,82.5,26.25,?,?,?,1
?,?,22.25,42.0,72.0,?,?,?,46.375,1
?,59.75,?,?,?,26.25,75.875,?,46.375,0
29.781,?,21.625,?,91.25,28.5,?,?,44.875,1
45.75,37.625,16.125,54.0,?,?,?,27.25,39.625,1
?,51.25,20.25,42.25,?,26.625,71.5,?,44.5,1
?,?,?,?,49.5,22.75,?,26.75,?,1
26.828000000000003,?,?,?,?,?,67.375,?,42.75,1
31.063000000000002,?,21.0,?,91.375,?,?,?,?,1
39.672,40.375,?,?,?,17.625,?,23.0,?,0
?,39.25,?,?,58.25,?,65.0,?,46.875,0
26.219,49.5,22.25,39.0,?,?,?,20.375,?,1
45.5,?,17.875,?,?,?,67.875,?,33.875,0
33.609,?,?,43.875,?,?,68.375,?,43.25,0
?,?,?,?,?,?,65.375,?,?,0
48.25,24.875,?,34.375,42.625,16.75,60.625,23.875,?,0
20.172,?,?,?,?,?,65.75,?,?,1
?,?,15.875,?,53.75,?,63.875,25.375,39.0,0
48.25,?,?,34.5,?,?,61.0,?,?,0
?,?,18.375,?,?,?,?,24.25,46.875,0
48.0,?,?,49.625,44.875,?,?,27.375,42.375,0
46.375,?,?,?,51.375,?,69.375,?,35.0,1
?,?,19.625,40.0,?,26.25,68.0,21.625,?,1
?,50.75,?,42.625,73.25,32.875,72.875,?,?,1
34.828,58.0,19.75,48.625,73.5,?,77.875,?,48.25,0
38.922,43.25,?,?,67.5,?,69.25,?,44.375,0
35.672,?,?,49.375,73.25,25.5,79.5,?,?,0
24.828000000000003,54.5,20.625,?,61.875,29.375,?,?,?,1
?,?,?,45.875,64.25,31.5,?,19.75,48.75,1
?,37.0,13.25,39.75,?,17.625,62.875,?,46.875,0
?,30.0,?,?,?,15.375,?,25.25,?,0
?,54.5,20.5,?,61.25,29.625,?,19.75,?,1
?,44.25,?,56.875,52.0,?,?,26.875,?,1
?,?,?,?,?,?,80.5,?,?,0
?,25.0,?,?,?,25.75,75.5,27.125,40.5,0
?,53.25,22.125,42.625,64.75,31.0,?,?,?,1
?,45.625,?,52.5,?,?,?,?,42.25,1
?,?,15.0,?,42.5,?,?,?,46.0,0
26.171999999999997,52.75,22.25,43.125,64.375,30.125,?,?,?,1
28.891,?,?,?,90.875,27.0,66.0,21.125,42.75,1
?,51.0,?,?,88.125,?,71.125,?,?,1
35.672,?,20.125,?,70.75,24.625,?,?,?,0
39.828,?,?,?,63.5,17.625,?,21.125,?,0
25.671999999999997,53.625,22.375,43.25,?,28.75,?,?,48.0,1
47.75,?,?,54.125,40.75,?,?,26.25,39.625,0
34.281,?,?,?,84.5,27.125,69.625,22.125,?,0
?,?,18.375,43.25,38.75,17.625,?,25.5,?,1
61.5,?,?,?,43.5,18.125,?,?,?,0
47.0,40.0,?,56.375,?,22.75,80.875,?,40.0,1
?,?,15.75,?,?,15.0,65.125,?,50.875,0
46.5,44.625,19.75,57.25,57.0,?,?,?,45.25,0
27.563000000000002,?,?,?,?,?,?,20.5,42.25,1
21.171999999999997,53.0,?,?,?,?,67.0,18.875,50.25,1
?,?,?,?,63.25,30.25,?,?,?,1
24.5,52.75,?,?,?,?,63.75,?,?,1
?,?,?,?,49.375,?,67.0,?,?,1
?,?,?,?,86.0,26.5,?,?,?,1
?,59.0,?,?,?,?,?,22.0,46.375,0
48.172,?,?,?,47.0,15.5,?,?,47.0,0
30.781,54.0,?,?,91.25,?,67.875,21.625,?,1
?,27.0,15.625,36.0,?,15.0,?,25.875,41.75,0
26.0,?,21.5,?,?,?,?,19.75,41.75,1
26.781,?,?,?,65.875,30.375,69.375,?,43.875,1
?,50.125,18.25,44.625,?,?,66.25,17.0,48.125,1
20.5,53.625,?,42.875,64.25,28.375,66.625,18.375,?,1
43.875,23.25,?,42.125,48.125,?,?,26.5,?,1
35.422,?,20.25,?,73.125,?,79.625,22.75,?,0
?,?,?,?,80.0,26.625,67.125,?,?,1
?,46.125,16.0,45.25,?,?,70.0,23.375,?,0
?,53.75,19.125,45.75,63.25,30.0,67.375,18.25,47.5,1
?,?,?,?,?,21.75,?,23.5,47.0,0
?,?,17.75,?,53.0,?,81.125,26.375,41.625,1
48.75,41.75,19.0,55.75,51.125,29.25,83.5,26.5,43.625,0
?,52.125,18.625,47.375,?,?,79.625,23.25,46.875,0
?,?,?,42.75,?,?,?,21.0,?,1
45.0,?,?,35.375,?,16.5,63.875,?,37.625,0
49.0,39.625,19.375,?,55.125,22.0,81.5,26.875,42.875,1
43.25,22.25,15.0,37.75,?,?,?,25.0,37.75,1
?,59.0,20.5,?,70.5,21.25,82.5,?,?,0
18.109,?,19.5,?,?,?,66.25,?,?,1
?,?,?,43.875,?,?,?,27.5,49.25,0
46.625,39.0,17.75,?,?,23.375,?,26.75,?,1
45.875,?,?,?,?,?,68.625,?,36.625,0
58.0,?,14.75,40.875,42.25,17.875,?,?,?,0
21.219,53.375,18.875,46.125,?,28.875,69.0,18.25,47.75,1
?,?,?,?,49.75,?,82.125,?,40.0,1
46.25,25.125,20.25,44.5,40.875,19.25,69.75,27.625,38.5,1
?,54.25,21.125,43.875,62.25,29.5,?,20.25,46.25,1
?,?,14.375,42.375,?,?,68.25,?,?,0
?,?,?,44.875,78.375,?,?,22.125,45.375,0
?,50.25,?,?,?,?,?,16.375,47.875,1
?,?,?,?,?,27.0,75.375,21.875,?,0
34.672,57.125,21.125,48.25,72.875,25.125,77.75,22.875,48.375,0
34.0,?,21.75,?,78.125,26.5,73.75,?,?,0
?,36.25,13.375,?,53.5,?,60.125,?,47.375,0
47.672,?,?,42.75,56.5,16.75,65.375,24.125,47.625,0
45.5,43.625,19.5,?,54.0,29.0,84.375,27.5,44.375,1
45.0,37.25,?,?,56.0,?,?,?,?,0
48.375,38.25,?,56.0,?,?,?,?,41.375,1
44.5,22.25,15.5,?,49.375,?,?,24.625,?,1
24.281,54.0,21.5,?,62.375,?,?,20.375,?,1
27.171999999999997,?,20.375,40.0,?,?,?,20.875,?,1
?,?,15.375,52.875,?,?,?,27.0,39.25,0
?,42.25,19.0,54.0,59.75,27.0,?,26.625,43.625,1
46.125,22.375,15.125,?,?,15.375,?,?,33.375,1
41.828,45.875,?,?,?,?,71.0,?,?,0
?,56.625,?,49.875,?,?,?,?,47.375,0
?,?,?,?,61.75,?,?,23.25,49.375,0
?,54.0,20.625,45.625,?,29.75,67.375,19.75,?,1
48.578,?,16.375,?,56.0,15.0,?,?,51.0,0
38.422,54.25,19.5,50.125,?,21.375,?,24.375,47.5,0
44.25,23.375,?,?,43.375,17.0,?,26.875,?,1
50.0,41.0,18.375,?,55.25,27.875,82.125,?,?,0
?,?,20.0,?,70.75,?,80.0,?,47.875,0
?,?,14.625,39.25,?,?,64.75,?,36.0,1
?,41.875,18.875,?,56.125,26.375,80.875,26.375,?,1
?,54.25,21.875,45.25,?,27.625,?,22.0,45.125,1
?,?,14.0,44.625,47.875,17.5,?,25.375,?,0
?,56.5,?,44.125,?,?,68.875,22.125,43.5,0
?,?,18.5,?,?,?,80.25,26.375,?,0
?,?,?,40.0,61.625,18.25,69.5,22.125,49.0,0
59.5,31.5,15.25,41.125,43.0,?,63.75,28.25,45.625,0
?,?,?,?,?,28.0,82.5,?,?,0
?,?,?,?,?,?,?,21.75,?,1
?,?,?,43.0,?,17.5,?,26.625,?,0
?,50.125,18.625,46.0,61.25,29.75,66.5,?,48.75,1
47.25,23.25,?,?,?,16.625,?,27.125,?,1
?,45.375,?,40.0,62.0,17.5,?,?,?,0
?,54.375,21.0,44.75,92.5,27.375,67.0,21.5,?,1
?,29.5,15.625,54.25,?,28.75,?,?,?,0
35.422,57.375,20.0,?,70.625,24.875,78.25,?,?,0
27.5,50.25,20.625,41.5,76.125,?,69.125,?,?,1
?,43.625,17.125,?,?,?,65.5,?,?,0
?,?,21.75,?,90.25,26.75,66.875,21.0,?,1
50.625,48.75,?,53.25,62.0,24.5,?,26.5,42.375,1
24.938000000000002,54.5,?,?,62.875,29.25,?,?,?,1
49.0,40.125,18.875,?,51.0,28.0,?,26.375,42.875,0
47.625,31.5,?,?,36.875,28.375,82.75,?,?,0
?,?,16.0,?,?,27.25,?,?,39.5,1
40.875,24.125,15.375,?,46.625,15.75,?,24.5,?,1
?,?,22.5,?,?,29.125,?,20.75,?,1
26.438000000000002,51.75,?,40.0,?,?,?,?,?,1
28.0,49.875,19.875,?,?,26.125,70.25,21.625,44.0,1
48.0,38.0,?,?,?,15.75,63.5,?,?,0
?,?,?,?,63.625,?,?,18.125,43.0,1
?,?,19.875,?,62.125,30.0,?,19.375,?,1
45.875,?,?,54.5,47.75,24.0,80.0,?,?,1
?,54.25,22.0,45.5,91.875,27.5,?,?,44.5,1
45.25,44.0,18.375,57.25,?,?,?,27.125,?,1
?,52.875,?,44.625,?,?,68.0,21.875,?,1
?,57.625,?,?,79.5,?,?,?,?,0
21.671999999999997,58.125,25.125,47.75,63.125,?,69.125,20.125,52.25,1
?,?,22.5,44.0,?,?,73.25,?,?,1
51.922,34.625,?,?,?,?,64.75,25.875,?,0
41.078,?,14.125,38.625,?,15.75,61.5,21.375,?,0
?,58.75,20.125,?,?,22.125,84.125,24.5,48.125,0
45.5,42.25,?,?,?,27.125,81.75,?,42.25,1
?,25.25,19.625,44.0,?,17.375,?,?,?,0
?,52.625,?,?,?,?,?,21.375,44.75,1
27.438000000000002,?,?,?,?,32.5,71.5,19.875,?,1
?,37.125,?,?,55.875,?,61.75,?,?,0
?,41.75,18.25,56.125,54.5,?,79.75,?,?,1
20.438,54.125,?,43.75,63.875,28.5,66.5,18.125,?,1
?,?,?,45.625,30.125,?,68.5,?,?,0
56.672,35.625,16.125,43.125,45.875,18.0,?,?,49.875,0
?,?,22.125,43.25,?,30.625,?,?,46.75,1
?,?,19.0,51.5,55.5,?,80.75,26.625,42.375,1
?,40.0,13.125,40.75,51.375,18.375,65.375,?,?,0
28.938000000000002,50.75,?,44.25,88.75,?,?,?,?,1
28.281,50.0,?,?,69.0,30.875,?,21.75,?,1
36.5,?,18.625,?,68.5,?,80.875,24.125,46.875,0
46.125,?,?,56.375,49.25,?,80.875,?,39.5,1
44.875,24.5,20.375,44.625,43.625,18.75,67.0,27.0,?,0
?,?,?,43.25,55.875,16.625,65.5,?,?,0
?,34.375,14.75,?,46.0,17.625,?,?,?,0
49.875,41.125,19.0,52.0,54.75,24.375,80.375,?,42.375,1
?,?,?,41.0,59.5,29.5,?,19.25,?,1
?,25.25,16.375,38.0,48.875,?,?,25.5,39.0,0
?,?,?,40.875,51.375,?,?,24.875,34.875,1
54.5,?,14.875,37.125,42.75,?,60.375,?,40.125,0
47.125,29.25,15.375,53.375,?,27.5,?,?,?,0
27.563000000000002,50.375,20.5,?,?,?,66.25,?,44.5,1
?,?,?,?,?,?,79.75,?,42.375,1
28.219,?,20.5,42.0,?,27.375,?,?,?,1
?,?,?,43.875,61.875,?,?,?,?,1
39.672,?,?,52.75,?,22.125,?,?,47.5,0
?,25.0,19.625,44.0,40.0,?,69.625,27.75,37.5,0
?,38.875,16.25,?,?,?,64.125,22.75,?,0
34.563,56.625,20.625,45.0,82.0,26.75,70.0,22.25,?,0
?,?,?,43.0,?,17.75,?,?,49.875,0
58.5,35.875,15.875,43.125,?,17.875,?,27.5,?,0
?,24.25,?,49.125,?,26.75,76.5,?,41.25,0
?,52.75,?,?,?,?,65.375,?,46.0,1
43.75,44.125,?,?,?,28.375,?,26.875,44.5,0
?,?,?,?,?,?,?,22.375,45.0,0
?,?,?,?,65.75,?,68.625,20.0,?,1
47.25,28.875,19.5,?,?,?,75.0,?,?,1
?,?,?,41.375,65.125,?,67.5,?,?,1
25.671999999999997,?,?,44.5,64.0,?,65.5,21.375,48.875,1
48.25,44.125,?,57.5,?,?,85.875,?,?,0
43.625,?,?,?,?,?,68.0,26.625,34.5,1
?,57.25,?,?,?,26.125,70.75,?,?,0
33.75,?,21.625,?,78.75,?,?,22.125,?,0
?,46.25,19.375,?,61.875,23.5,?,26.625,?,1
35.063,57.75,21.5,45.875,?,25.875,71.125,22.125,?,0
?,?,?,?,58.625,?,84.25,?,43.25,1
?,?,19.875,52.0,70.5,22.125,83.5,24.5,?,0
?,43.125,?,?,?,?,?,21.0,?,0
?,39.375,?,?,?,17.75,?,?,46.0,0
?,?,?,40.375,?,30.25,69.0,20.625,?,1
27.391,50.625,20.5,40.125,76.75,?,?,?,?,1
26.609,50.875,20.125,?,76.75,?,67.5,?,?,1
46.25,39.625,?,?,50.75,22.625,82.0,?,?,1
46.25,43.5,?,?,?,29.5,84.125,27.5,?,1
46.0,38.875,?,57.0,50.0,?,?,26.125,?,1
21.109,52.5,?,?,?,?,?,?,49.875,1
20.438,?,19.25,?,63.625,?,66.375,18.25,48.875,1
?,?,22.125,45.875,?,?,69.0,22.5,45.25,1
?,?,?,?,77.0,33.0,73.0,?,?,1
48.0,29.5,?,?,?,?,?,?,40.25,0
20.281,?,?,43.125,64.0,28.625,66.125,19.125,44.375,1
28.828000000000003,?,?,44.375,76.375,?,?,21.75,44.0,1
21.328000000000003,54.875,?,?,63.875,28.75,66.75,?,?,1
?,35.75,16.0,?,?,?,?,27.25,?,0
39.172,44.0,17.25,39.5,67.0,16.625,?,20.875,45.5,0
21.438000000000002,?,?,?,64.125,28.25,?,?,?,1
24.438000000000002,?,?,42.375,?,29.0,?,?,?,1
?,49.75,21.125,?,62.625,?,64.875,?,42.125,1
20.563000000000002,?,?,?,?,32.125,67.0,?,49.0,1
21.281,?,?,46.875,?,?,?,?,47.125,1
?,?,20.75,40.0,?,?,64.75,19.625,41.0,1
?,35.125,?,45.375,?,19.625,?,?,?,0
?,?,?,?,?,?,?,26.875,?,1
?,?,?,46.375,63.75,30.5,68.75,?,49.5,1
19.891,52.875,?,?,61.375,?,67.375,?,?,1
?,54.0,20.75,?,?,29.75,64.75,19.5,47.75,1
42.875,23.375,?,41.75,46.625,?,?,?,?,1
?,?,19.625,41.75,?,28.875,63.25,18.5,?,1
?,40.25,?,?,?,25.25,80.0,?,?,1
?,?,?,?,72.25,?,75.75,22.5,48.625,0
21.109,53.0,?,?,62.0,30.25,?,19.0,50.0,1
?,50.875,?,41.875,78.0,?,70.75,21.0,42.75,1
?,56.875,20.5,?,?,?,78.5,24.25,46.875,0
?,56.875,21.25,45.5,?,?,?,?,?,0
35.328,58.625,20.125,?,73.25,25.25,79.0,?,?,0
?,?,?,?,73.0,?,?,?,?,0
21.328000000000003,52.25,?,?,?,27.625,69.5,?,49.125,1
46.625,?,15.875,?,?,?,82.0,27.75,40.75,0
46.5,?,14.5,41.625,?,?,?,22.375,50.5,0
?,?,21.75,?,?,?,68.625,?,44.875,1
34.25,?,?,?,73.875,25.75,?,?,?,0
43.25,?,19.25,59.375,55.625,29.0,84.375,27.0,44.0,0
?,?,21.5,?,?,?,?,20.5,45.5,1
?,?,?,50.625,72.625,?,79.125,24.25,?,0
?,?,20.125,?,77.125,?,67.375,?,?,1
48.75,?,?,?,?,25.25,?,27.125,41.5,1
27.328000000000003,?,20.25,?,?,?,?,?,42.625,1
35.172,?,?,?,80.125,25.875,71.75,?,46.25,0
?,50.125,20.375,?,75.75,?,69.375,?,?,1
?,42.125,?,56.5,53.75,24.75,?,27.5,?,1
?,?,20.375,?,?,25.25,80.5,23.0,48.125,0
?,?,21.0,?,?,31.75,?,?,41.625,1
?,?,21.5,?,?,23.625,78.75,?,?,0
?,?,?,38.5,?,15.75,?,?,?,0
?,?,?,42.75,56.625,17.625,?,?,50.5,0
?,?,18.25,45.875,69.125,18.625,76.75,?,47.125,0
33.672,56.25,20.625,?,?,?,?,?,45.125,0
48.328,37.25,15.375,42.75,?,17.125,?,22.875,?,0
?,?,21.25,46.375,?,27.625,68.0,22.0,?,0
45.125,?,?,?,43.625,?,?,25.375,36.125,0
48.5,26.125,?,35.125,43.75,?,?,?,?,0
?,53.25,22.25,43.125,65.0,31.5,?,21.25,47.25,1
47.625,?,15.125,55.0,?,23.0,?,27.375,39.125,1
?,?,?,44.0,?,?,66.5,17.375,47.75,1
21.281,?,19.0,46.125,62.25,?,?,18.375,47.375,1
29.328000000000003,53.375,21.625,?,?,?,?,21.5,?,1
?,57.625,21.125,?,72.625,?,78.75,?,47.25,0
47.0,?,16.25,55.625,44.125,28.875,81.25,?,39.625,1
33.672,58.625,?,?,?,25.5,78.0,22.875,48.625,0
20.671999999999997,?,?,44.5,?,29.875,66.5,19.75,49.25,1
?,29.125,?,?,?,26.375,?,?,39.625,0
?,21.0,14.25,?,48.375,15.0,?,?,33.25,1
?,44.125,15.125,?,?,?,?,22.5,?,0
40.375,25.875,15.75,?,?,15.875,63.25,24.5,?,1
38.672,57.125,20.875,50.375,72.125,23.0,78.5,23.75,47.0,0
?,?,?,?,?,?,67.5,18.0,46.0,1
?,52.75,19.0,?,69.5,?,?,23.25,47.25,0
46.125,22.125,?,?,50.0,15.125,65.375,24.25,33.125,1
49.5,23.625,15.375,49.125,?,26.125,?,28.5,?,0
45.625,?,?,?,?,16.5,?,?,?,1
58.125,34.5,15.875,45.625,?,19.75,64.75,27.5,?,0
53.25,27.5,14.625,?,?,?,60.625,25.875,39.75,0
28.828000000000003,?,21.875,?,90.375,?,?,21.0,43.375,1
25.938000000000002,?,21.75,?,?,?,64.125,19.5,?,1
?,57.5,?,50.75,?,?,?,23.75,46.75,0
40.328,?,?,?,61.375,16.875,66.25,?,48.25,0
?,?,17.625,56.5,54.0,?,?,27.75,?,1
42.078,39.375,13.0,39.625,52.5,17.5,?,?,47.625,0
32.328,56.5,21.0,?,93.75,?,68.875,22.125,44.875,0
28.671999999999997,?,22.375,42.125,?,?,?,?,45.625,1
?,?,?,?,42.5,?,64.0,28.125,47.125,0
?,27.25,15.75,?,44.375,?,?,?,38.0,0
35.5,57.75,20.125,?,?,?,?,22.875,?,0
47.25,34.375,16.25,?,?,?,?,?,?,0
46.375,?,?,57.625,49.875,22.625,?,?,40.125,1
23.938000000000002,53.0,?,40.0,?,?,61.5,18.625,45.0,1
?,?,?,40.625,79.375,?,?,21.875,42.5,1
?,43.25,17.125,?,67.75,?,?,21.125,?,0
46.0,39.25,?,59.25,?,23.0,?,?,?,1
44.875,?,18.625,43.875,?,?,69.0,?,36.25,0
?,34.5,?,?,?,?,?,24.875,?,0
28.828000000000003,?,?,?,77.25,?,71.625,22.0,44.875,1
46.375,22.625,?,?,51.75,16.125,?,26.375,35.125,1
?,56.625,?,?,?,?,?,?,44.375,1
?,26.875,15.25,34.625,?,?,62.375,?,?,1
26.719,?,20.0,?,?,28.375,66.375,21.375,?,1
?,?,13.5,?,54.625,?,61.625,?,49.75,0
?,39.875,?,57.75,?,25.125,?,27.625,42.5,0
59.125,32.0,?,42.375,38.125,18.25,?,?,45.625,0
